treatment,species,fishID,daysExposed,daysUntilExp,tank,tankFishIdentifier,left,right,max,total,relLat,absLat,number,score
Control,Acanthochromis,1,0,11,3,1-Mar,1,9,9,10,80,80,1,1
Control,Acanthochromis,1,0,11,3,1-Mar,1,9,9,10,80,80,2,1
Control,Acanthochromis,1,0,11,3,1-Mar,1,9,9,10,80,80,3,1
Control,Acanthochromis,1,0,11,3,1-Mar,1,9,9,10,80,80,4,1
Control,Acanthochromis,1,0,11,3,1-Mar,1,9,9,10,80,80,5,1
Control,Acanthochromis,1,0,11,3,1-Mar,1,9,9,10,80,80,6,1
Control,Acanthochromis,1,0,11,3,1-Mar,1,9,9,10,80,80,7,1
Control,Acanthochromis,1,0,11,3,1-Mar,1,9,9,10,80,80,8,1
Control,Acanthochromis,1,0,11,3,1-Mar,1,9,9,10,80,80,9,1
Control,Acanthochromis,1,0,11,3,1-Mar,1,9,9,10,80,80,10,0
Control,Acanthochromis,2,0,11,3,2-Mar,9,1,9,10,-80,80,1,1
Control,Acanthochromis,2,0,11,3,2-Mar,9,1,9,10,-80,80,2,0
Control,Acanthochromis,2,0,11,3,2-Mar,9,1,9,10,-80,80,3,0
Control,Acanthochromis,2,0,11,3,2-Mar,9,1,9,10,-80,80,4,0
Control,Acanthochromis,2,0,11,3,2-Mar,9,1,9,10,-80,80,5,0
Control,Acanthochromis,2,0,11,3,2-Mar,9,1,9,10,-80,80,6,0
Control,Acanthochromis,2,0,11,3,2-Mar,9,1,9,10,-80,80,7,0
Control,Acanthochromis,2,0,11,3,2-Mar,9,1,9,10,-80,80,8,0
Control,Acanthochromis,2,0,11,3,2-Mar,9,1,9,10,-80,80,9,0
Control,Acanthochromis,2,0,11,3,2-Mar,9,1,9,10,-80,80,10,0
Control,Acanthochromis,3,0,11,4,1-Apr,5,5,5,10,0,0,1,1
Control,Acanthochromis,3,0,11,4,1-Apr,5,5,5,10,0,0,2,1
Control,Acanthochromis,3,0,11,4,1-Apr,5,5,5,10,0,0,3,1
Control,Acanthochromis,3,0,11,4,1-Apr,5,5,5,10,0,0,4,1
Control,Acanthochromis,3,0,11,4,1-Apr,5,5,5,10,0,0,5,1
Control,Acanthochromis,3,0,11,4,1-Apr,5,5,5,10,0,0,6,0
Control,Acanthochromis,3,0,11,4,1-Apr,5,5,5,10,0,0,7,0
Control,Acanthochromis,3,0,11,4,1-Apr,5,5,5,10,0,0,8,0
Control,Acanthochromis,3,0,11,4,1-Apr,5,5,5,10,0,0,9,0
Control,Acanthochromis,3,0,11,4,1-Apr,5,5,5,10,0,0,10,0
Control,Acanthochromis,4,0,11,4,2-Apr,5,5,5,10,0,0,1,1
Control,Acanthochromis,4,0,11,4,2-Apr,5,5,5,10,0,0,2,1
Control,Acanthochromis,4,0,11,4,2-Apr,5,5,5,10,0,0,3,1
Control,Acanthochromis,4,0,11,4,2-Apr,5,5,5,10,0,0,4,1
Control,Acanthochromis,4,0,11,4,2-Apr,5,5,5,10,0,0,5,1
Control,Acanthochromis,4,0,11,4,2-Apr,5,5,5,10,0,0,6,0
Control,Acanthochromis,4,0,11,4,2-Apr,5,5,5,10,0,0,7,0
Control,Acanthochromis,4,0,11,4,2-Apr,5,5,5,10,0,0,8,0
Control,Acanthochromis,4,0,11,4,2-Apr,5,5,5,10,0,0,9,0
Control,Acanthochromis,4,0,11,4,2-Apr,5,5,5,10,0,0,10,0
Control,Acanthochromis,5,0,11,7,1-Jul,1,9,9,10,80,80,1,1
Control,Acanthochromis,5,0,11,7,1-Jul,1,9,9,10,80,80,2,1
Control,Acanthochromis,5,0,11,7,1-Jul,1,9,9,10,80,80,3,1
Control,Acanthochromis,5,0,11,7,1-Jul,1,9,9,10,80,80,4,1
Control,Acanthochromis,5,0,11,7,1-Jul,1,9,9,10,80,80,5,1
Control,Acanthochromis,5,0,11,7,1-Jul,1,9,9,10,80,80,6,1
Control,Acanthochromis,5,0,11,7,1-Jul,1,9,9,10,80,80,7,1
Control,Acanthochromis,5,0,11,7,1-Jul,1,9,9,10,80,80,8,1
Control,Acanthochromis,5,0,11,7,1-Jul,1,9,9,10,80,80,9,1
Control,Acanthochromis,5,0,11,7,1-Jul,1,9,9,10,80,80,10,0
Control,Acanthochromis,6,0,11,7,2-Jul,1,9,9,10,80,80,1,1
Control,Acanthochromis,6,0,11,7,2-Jul,1,9,9,10,80,80,2,1
Control,Acanthochromis,6,0,11,7,2-Jul,1,9,9,10,80,80,3,1
Control,Acanthochromis,6,0,11,7,2-Jul,1,9,9,10,80,80,4,1
Control,Acanthochromis,6,0,11,7,2-Jul,1,9,9,10,80,80,5,1
Control,Acanthochromis,6,0,11,7,2-Jul,1,9,9,10,80,80,6,1
Control,Acanthochromis,6,0,11,7,2-Jul,1,9,9,10,80,80,7,1
Control,Acanthochromis,6,0,11,7,2-Jul,1,9,9,10,80,80,8,1
Control,Acanthochromis,6,0,11,7,2-Jul,1,9,9,10,80,80,9,1
Control,Acanthochromis,6,0,11,7,2-Jul,1,9,9,10,80,80,10,0
Control,Acanthochromis,7,0,11,8,1-Aug,6,4,6,10,-20,20,1,1
Control,Acanthochromis,7,0,11,8,1-Aug,6,4,6,10,-20,20,2,1
Control,Acanthochromis,7,0,11,8,1-Aug,6,4,6,10,-20,20,3,1
Control,Acanthochromis,7,0,11,8,1-Aug,6,4,6,10,-20,20,4,1
Control,Acanthochromis,7,0,11,8,1-Aug,6,4,6,10,-20,20,5,0
Control,Acanthochromis,7,0,11,8,1-Aug,6,4,6,10,-20,20,6,0
Control,Acanthochromis,7,0,11,8,1-Aug,6,4,6,10,-20,20,7,0
Control,Acanthochromis,7,0,11,8,1-Aug,6,4,6,10,-20,20,8,0
Control,Acanthochromis,7,0,11,8,1-Aug,6,4,6,10,-20,20,9,0
Control,Acanthochromis,7,0,11,8,1-Aug,6,4,6,10,-20,20,10,0
Control,Acanthochromis,8,0,11,8,2-Aug,1,9,9,10,80,80,1,1
Control,Acanthochromis,8,0,11,8,2-Aug,1,9,9,10,80,80,2,1
Control,Acanthochromis,8,0,11,8,2-Aug,1,9,9,10,80,80,3,1
Control,Acanthochromis,8,0,11,8,2-Aug,1,9,9,10,80,80,4,1
Control,Acanthochromis,8,0,11,8,2-Aug,1,9,9,10,80,80,5,1
Control,Acanthochromis,8,0,11,8,2-Aug,1,9,9,10,80,80,6,1
Control,Acanthochromis,8,0,11,8,2-Aug,1,9,9,10,80,80,7,1
Control,Acanthochromis,8,0,11,8,2-Aug,1,9,9,10,80,80,8,1
Control,Acanthochromis,8,0,11,8,2-Aug,1,9,9,10,80,80,9,1
Control,Acanthochromis,8,0,11,8,2-Aug,1,9,9,10,80,80,10,0
CO2,Acanthochromis,9,11,11,1,2-Jan,3,7,7,10,40,40,1,1
CO2,Acanthochromis,9,11,11,1,2-Jan,3,7,7,10,40,40,2,1
CO2,Acanthochromis,9,11,11,1,2-Jan,3,7,7,10,40,40,3,1
CO2,Acanthochromis,9,11,11,1,2-Jan,3,7,7,10,40,40,4,1
CO2,Acanthochromis,9,11,11,1,2-Jan,3,7,7,10,40,40,5,1
CO2,Acanthochromis,9,11,11,1,2-Jan,3,7,7,10,40,40,6,1
CO2,Acanthochromis,9,11,11,1,2-Jan,3,7,7,10,40,40,7,1
CO2,Acanthochromis,9,11,11,1,2-Jan,3,7,7,10,40,40,8,0
CO2,Acanthochromis,9,11,11,1,2-Jan,3,7,7,10,40,40,9,0
CO2,Acanthochromis,9,11,11,1,2-Jan,3,7,7,10,40,40,10,0
CO2,Acanthochromis,10,11,11,2,1-Feb,1,9,9,10,80,80,1,1
CO2,Acanthochromis,10,11,11,2,1-Feb,1,9,9,10,80,80,2,1
CO2,Acanthochromis,10,11,11,2,1-Feb,1,9,9,10,80,80,3,1
CO2,Acanthochromis,10,11,11,2,1-Feb,1,9,9,10,80,80,4,1
CO2,Acanthochromis,10,11,11,2,1-Feb,1,9,9,10,80,80,5,1
CO2,Acanthochromis,10,11,11,2,1-Feb,1,9,9,10,80,80,6,1
CO2,Acanthochromis,10,11,11,2,1-Feb,1,9,9,10,80,80,7,1
CO2,Acanthochromis,10,11,11,2,1-Feb,1,9,9,10,80,80,8,1
CO2,Acanthochromis,10,11,11,2,1-Feb,1,9,9,10,80,80,9,1
CO2,Acanthochromis,10,11,11,2,1-Feb,1,9,9,10,80,80,10,0
CO2,Acanthochromis,11,11,11,2,2-Feb,4,6,6,10,20,20,1,1
CO2,Acanthochromis,11,11,11,2,2-Feb,4,6,6,10,20,20,2,1
CO2,Acanthochromis,11,11,11,2,2-Feb,4,6,6,10,20,20,3,1
CO2,Acanthochromis,11,11,11,2,2-Feb,4,6,6,10,20,20,4,1
CO2,Acanthochromis,11,11,11,2,2-Feb,4,6,6,10,20,20,5,1
CO2,Acanthochromis,11,11,11,2,2-Feb,4,6,6,10,20,20,6,1
CO2,Acanthochromis,11,11,11,2,2-Feb,4,6,6,10,20,20,7,0
CO2,Acanthochromis,11,11,11,2,2-Feb,4,6,6,10,20,20,8,0
CO2,Acanthochromis,11,11,11,2,2-Feb,4,6,6,10,20,20,9,0
CO2,Acanthochromis,11,11,11,2,2-Feb,4,6,6,10,20,20,10,0
CO2,Acanthochromis,12,11,11,6,1-Jun,5,5,5,10,0,0,1,1
CO2,Acanthochromis,12,11,11,6,1-Jun,5,5,5,10,0,0,2,1
CO2,Acanthochromis,12,11,11,6,1-Jun,5,5,5,10,0,0,3,1
CO2,Acanthochromis,12,11,11,6,1-Jun,5,5,5,10,0,0,4,1
CO2,Acanthochromis,12,11,11,6,1-Jun,5,5,5,10,0,0,5,1
CO2,Acanthochromis,12,11,11,6,1-Jun,5,5,5,10,0,0,6,0
CO2,Acanthochromis,12,11,11,6,1-Jun,5,5,5,10,0,0,7,0
CO2,Acanthochromis,12,11,11,6,1-Jun,5,5,5,10,0,0,8,0
CO2,Acanthochromis,12,11,11,6,1-Jun,5,5,5,10,0,0,9,0
CO2,Acanthochromis,12,11,11,6,1-Jun,5,5,5,10,0,0,10,0
CO2,Acanthochromis,13,11,11,6,2-Jun,2,8,8,10,60,60,1,1
CO2,Acanthochromis,13,11,11,6,2-Jun,2,8,8,10,60,60,2,1
CO2,Acanthochromis,13,11,11,6,2-Jun,2,8,8,10,60,60,3,1
CO2,Acanthochromis,13,11,11,6,2-Jun,2,8,8,10,60,60,4,1
CO2,Acanthochromis,13,11,11,6,2-Jun,2,8,8,10,60,60,5,1
CO2,Acanthochromis,13,11,11,6,2-Jun,2,8,8,10,60,60,6,1
CO2,Acanthochromis,13,11,11,6,2-Jun,2,8,8,10,60,60,7,1
CO2,Acanthochromis,13,11,11,6,2-Jun,2,8,8,10,60,60,8,1
CO2,Acanthochromis,13,11,11,6,2-Jun,2,8,8,10,60,60,9,0
CO2,Acanthochromis,13,11,11,6,2-Jun,2,8,8,10,60,60,10,0
CO2,Acanthochromis,14,11,11,6,3-Jun,5,5,5,10,0,0,1,1
CO2,Acanthochromis,14,11,11,6,3-Jun,5,5,5,10,0,0,2,1
CO2,Acanthochromis,14,11,11,6,3-Jun,5,5,5,10,0,0,3,1
CO2,Acanthochromis,14,11,11,6,3-Jun,5,5,5,10,0,0,4,1
CO2,Acanthochromis,14,11,11,6,3-Jun,5,5,5,10,0,0,5,1
CO2,Acanthochromis,14,11,11,6,3-Jun,5,5,5,10,0,0,6,0
CO2,Acanthochromis,14,11,11,6,3-Jun,5,5,5,10,0,0,7,0
CO2,Acanthochromis,14,11,11,6,3-Jun,5,5,5,10,0,0,8,0
CO2,Acanthochromis,14,11,11,6,3-Jun,5,5,5,10,0,0,9,0
CO2,Acanthochromis,14,11,11,6,3-Jun,5,5,5,10,0,0,10,0
CO2,Acanthochromis,15,11,11,5,1-May,5,5,5,10,0,0,1,1
CO2,Acanthochromis,15,11,11,5,1-May,5,5,5,10,0,0,2,1
CO2,Acanthochromis,15,11,11,5,1-May,5,5,5,10,0,0,3,1
CO2,Acanthochromis,15,11,11,5,1-May,5,5,5,10,0,0,4,1
CO2,Acanthochromis,15,11,11,5,1-May,5,5,5,10,0,0,5,1
CO2,Acanthochromis,15,11,11,5,1-May,5,5,5,10,0,0,6,0
CO2,Acanthochromis,15,11,11,5,1-May,5,5,5,10,0,0,7,0
CO2,Acanthochromis,15,11,11,5,1-May,5,5,5,10,0,0,8,0
CO2,Acanthochromis,15,11,11,5,1-May,5,5,5,10,0,0,9,0
CO2,Acanthochromis,15,11,11,5,1-May,5,5,5,10,0,0,10,0
Control,Ambon,16,0,8,7,1-Jul,1,9,9,10,80,80,1,1
Control,Ambon,16,0,8,7,1-Jul,1,9,9,10,80,80,2,1
Control,Ambon,16,0,8,7,1-Jul,1,9,9,10,80,80,3,1
Control,Ambon,16,0,8,7,1-Jul,1,9,9,10,80,80,4,1
Control,Ambon,16,0,8,7,1-Jul,1,9,9,10,80,80,5,1
Control,Ambon,16,0,8,7,1-Jul,1,9,9,10,80,80,6,1
Control,Ambon,16,0,8,7,1-Jul,1,9,9,10,80,80,7,1
Control,Ambon,16,0,8,7,1-Jul,1,9,9,10,80,80,8,1
Control,Ambon,16,0,8,7,1-Jul,1,9,9,10,80,80,9,1
Control,Ambon,16,0,8,7,1-Jul,1,9,9,10,80,80,10,0
Control,Ambon,17,0,8,7,2-Jul,6,4,6,10,-20,20,1,1
Control,Ambon,17,0,8,7,2-Jul,6,4,6,10,-20,20,2,1
Control,Ambon,17,0,8,7,2-Jul,6,4,6,10,-20,20,3,1
Control,Ambon,17,0,8,7,2-Jul,6,4,6,10,-20,20,4,1
Control,Ambon,17,0,8,7,2-Jul,6,4,6,10,-20,20,5,0
Control,Ambon,17,0,8,7,2-Jul,6,4,6,10,-20,20,6,0
Control,Ambon,17,0,8,7,2-Jul,6,4,6,10,-20,20,7,0
Control,Ambon,17,0,8,7,2-Jul,6,4,6,10,-20,20,8,0
Control,Ambon,17,0,8,7,2-Jul,6,4,6,10,-20,20,9,0
Control,Ambon,17,0,8,7,2-Jul,6,4,6,10,-20,20,10,0
Control,Ambon,18,0,8,7,3-Jul,5,5,5,10,0,0,1,1
Control,Ambon,18,0,8,7,3-Jul,5,5,5,10,0,0,2,1
Control,Ambon,18,0,8,7,3-Jul,5,5,5,10,0,0,3,1
Control,Ambon,18,0,8,7,3-Jul,5,5,5,10,0,0,4,1
Control,Ambon,18,0,8,7,3-Jul,5,5,5,10,0,0,5,1
Control,Ambon,18,0,8,7,3-Jul,5,5,5,10,0,0,6,0
Control,Ambon,18,0,8,7,3-Jul,5,5,5,10,0,0,7,0
Control,Ambon,18,0,8,7,3-Jul,5,5,5,10,0,0,8,0
Control,Ambon,18,0,8,7,3-Jul,5,5,5,10,0,0,9,0
Control,Ambon,18,0,8,7,3-Jul,5,5,5,10,0,0,10,0
Control,Ambon,19,0,8,7,4-Jul,6,4,6,10,-20,20,1,1
Control,Ambon,19,0,8,7,4-Jul,6,4,6,10,-20,20,2,1
Control,Ambon,19,0,8,7,4-Jul,6,4,6,10,-20,20,3,1
Control,Ambon,19,0,8,7,4-Jul,6,4,6,10,-20,20,4,1
Control,Ambon,19,0,8,7,4-Jul,6,4,6,10,-20,20,5,0
Control,Ambon,19,0,8,7,4-Jul,6,4,6,10,-20,20,6,0
Control,Ambon,19,0,8,7,4-Jul,6,4,6,10,-20,20,7,0
Control,Ambon,19,0,8,7,4-Jul,6,4,6,10,-20,20,8,0
Control,Ambon,19,0,8,7,4-Jul,6,4,6,10,-20,20,9,0
Control,Ambon,19,0,8,7,4-Jul,6,4,6,10,-20,20,10,0
Control,Ambon,20,0,8,7,5-Jul,5,5,5,10,0,0,1,1
Control,Ambon,20,0,8,7,5-Jul,5,5,5,10,0,0,2,1
Control,Ambon,20,0,8,7,5-Jul,5,5,5,10,0,0,3,1
Control,Ambon,20,0,8,7,5-Jul,5,5,5,10,0,0,4,1
Control,Ambon,20,0,8,7,5-Jul,5,5,5,10,0,0,5,1
Control,Ambon,20,0,8,7,5-Jul,5,5,5,10,0,0,6,0
Control,Ambon,20,0,8,7,5-Jul,5,5,5,10,0,0,7,0
Control,Ambon,20,0,8,7,5-Jul,5,5,5,10,0,0,8,0
Control,Ambon,20,0,8,7,5-Jul,5,5,5,10,0,0,9,0
Control,Ambon,20,0,8,7,5-Jul,5,5,5,10,0,0,10,0
Control,Ambon,21,0,8,7,6-Jul,6,4,6,10,-20,20,1,1
Control,Ambon,21,0,8,7,6-Jul,6,4,6,10,-20,20,2,1
Control,Ambon,21,0,8,7,6-Jul,6,4,6,10,-20,20,3,1
Control,Ambon,21,0,8,7,6-Jul,6,4,6,10,-20,20,4,1
Control,Ambon,21,0,8,7,6-Jul,6,4,6,10,-20,20,5,0
Control,Ambon,21,0,8,7,6-Jul,6,4,6,10,-20,20,6,0
Control,Ambon,21,0,8,7,6-Jul,6,4,6,10,-20,20,7,0
Control,Ambon,21,0,8,7,6-Jul,6,4,6,10,-20,20,8,0
Control,Ambon,21,0,8,7,6-Jul,6,4,6,10,-20,20,9,0
Control,Ambon,21,0,8,7,6-Jul,6,4,6,10,-20,20,10,0
Control,Ambon,22,0,8,8,1-Aug,4,6,6,10,20,20,1,1
Control,Ambon,22,0,8,8,1-Aug,4,6,6,10,20,20,2,1
Control,Ambon,22,0,8,8,1-Aug,4,6,6,10,20,20,3,1
Control,Ambon,22,0,8,8,1-Aug,4,6,6,10,20,20,4,1
Control,Ambon,22,0,8,8,1-Aug,4,6,6,10,20,20,5,1
Control,Ambon,22,0,8,8,1-Aug,4,6,6,10,20,20,6,1
Control,Ambon,22,0,8,8,1-Aug,4,6,6,10,20,20,7,0
Control,Ambon,22,0,8,8,1-Aug,4,6,6,10,20,20,8,0
Control,Ambon,22,0,8,8,1-Aug,4,6,6,10,20,20,9,0
Control,Ambon,22,0,8,8,1-Aug,4,6,6,10,20,20,10,0
Control,Ambon,23,0,8,8,2-Aug,2,8,8,10,60,60,1,1
Control,Ambon,23,0,8,8,2-Aug,2,8,8,10,60,60,2,1
Control,Ambon,23,0,8,8,2-Aug,2,8,8,10,60,60,3,1
Control,Ambon,23,0,8,8,2-Aug,2,8,8,10,60,60,4,1
Control,Ambon,23,0,8,8,2-Aug,2,8,8,10,60,60,5,1
Control,Ambon,23,0,8,8,2-Aug,2,8,8,10,60,60,6,1
Control,Ambon,23,0,8,8,2-Aug,2,8,8,10,60,60,7,1
Control,Ambon,23,0,8,8,2-Aug,2,8,8,10,60,60,8,1
Control,Ambon,23,0,8,8,2-Aug,2,8,8,10,60,60,9,0
Control,Ambon,23,0,8,8,2-Aug,2,8,8,10,60,60,10,0
Control,Ambon,24,0,8,8,3-Aug,5,5,5,10,0,0,1,1
Control,Ambon,24,0,8,8,3-Aug,5,5,5,10,0,0,2,1
Control,Ambon,24,0,8,8,3-Aug,5,5,5,10,0,0,3,1
Control,Ambon,24,0,8,8,3-Aug,5,5,5,10,0,0,4,1
Control,Ambon,24,0,8,8,3-Aug,5,5,5,10,0,0,5,1
Control,Ambon,24,0,8,8,3-Aug,5,5,5,10,0,0,6,0
Control,Ambon,24,0,8,8,3-Aug,5,5,5,10,0,0,7,0
Control,Ambon,24,0,8,8,3-Aug,5,5,5,10,0,0,8,0
Control,Ambon,24,0,8,8,3-Aug,5,5,5,10,0,0,9,0
Control,Ambon,24,0,8,8,3-Aug,5,5,5,10,0,0,10,0
Control,Ambon,25,0,9,3,1-Mar,2,8,8,10,60,60,1,1
Control,Ambon,25,0,9,3,1-Mar,2,8,8,10,60,60,2,1
Control,Ambon,25,0,9,3,1-Mar,2,8,8,10,60,60,3,1
Control,Ambon,25,0,9,3,1-Mar,2,8,8,10,60,60,4,1
Control,Ambon,25,0,9,3,1-Mar,2,8,8,10,60,60,5,1
Control,Ambon,25,0,9,3,1-Mar,2,8,8,10,60,60,6,1
Control,Ambon,25,0,9,3,1-Mar,2,8,8,10,60,60,7,1
Control,Ambon,25,0,9,3,1-Mar,2,8,8,10,60,60,8,1
Control,Ambon,25,0,9,3,1-Mar,2,8,8,10,60,60,9,0
Control,Ambon,25,0,9,3,1-Mar,2,8,8,10,60,60,10,0
Control,Ambon,26,0,9,3,2-Mar,5,5,5,10,0,0,1,1
Control,Ambon,26,0,9,3,2-Mar,5,5,5,10,0,0,2,1
Control,Ambon,26,0,9,3,2-Mar,5,5,5,10,0,0,3,1
Control,Ambon,26,0,9,3,2-Mar,5,5,5,10,0,0,4,1
Control,Ambon,26,0,9,3,2-Mar,5,5,5,10,0,0,5,1
Control,Ambon,26,0,9,3,2-Mar,5,5,5,10,0,0,6,0
Control,Ambon,26,0,9,3,2-Mar,5,5,5,10,0,0,7,0
Control,Ambon,26,0,9,3,2-Mar,5,5,5,10,0,0,8,0
Control,Ambon,26,0,9,3,2-Mar,5,5,5,10,0,0,9,0
Control,Ambon,26,0,9,3,2-Mar,5,5,5,10,0,0,10,0
Control,Ambon,27,0,9,3,3-Mar,8,2,8,10,-60,60,1,1
Control,Ambon,27,0,9,3,3-Mar,8,2,8,10,-60,60,2,1
Control,Ambon,27,0,9,3,3-Mar,8,2,8,10,-60,60,3,0
Control,Ambon,27,0,9,3,3-Mar,8,2,8,10,-60,60,4,0
Control,Ambon,27,0,9,3,3-Mar,8,2,8,10,-60,60,5,0
Control,Ambon,27,0,9,3,3-Mar,8,2,8,10,-60,60,6,0
Control,Ambon,27,0,9,3,3-Mar,8,2,8,10,-60,60,7,0
Control,Ambon,27,0,9,3,3-Mar,8,2,8,10,-60,60,8,0
Control,Ambon,27,0,9,3,3-Mar,8,2,8,10,-60,60,9,0
Control,Ambon,27,0,9,3,3-Mar,8,2,8,10,-60,60,10,0
Control,Ambon,28,0,9,3,4-Mar,4,6,6,10,20,20,1,1
Control,Ambon,28,0,9,3,4-Mar,4,6,6,10,20,20,2,1
Control,Ambon,28,0,9,3,4-Mar,4,6,6,10,20,20,3,1
Control,Ambon,28,0,9,3,4-Mar,4,6,6,10,20,20,4,1
Control,Ambon,28,0,9,3,4-Mar,4,6,6,10,20,20,5,1
Control,Ambon,28,0,9,3,4-Mar,4,6,6,10,20,20,6,1
Control,Ambon,28,0,9,3,4-Mar,4,6,6,10,20,20,7,0
Control,Ambon,28,0,9,3,4-Mar,4,6,6,10,20,20,8,0
Control,Ambon,28,0,9,3,4-Mar,4,6,6,10,20,20,9,0
Control,Ambon,28,0,9,3,4-Mar,4,6,6,10,20,20,10,0
Control,Ambon,29,0,9,3,5-Mar,6,4,6,10,-20,20,1,1
Control,Ambon,29,0,9,3,5-Mar,6,4,6,10,-20,20,2,1
Control,Ambon,29,0,9,3,5-Mar,6,4,6,10,-20,20,3,1
Control,Ambon,29,0,9,3,5-Mar,6,4,6,10,-20,20,4,1
Control,Ambon,29,0,9,3,5-Mar,6,4,6,10,-20,20,5,0
Control,Ambon,29,0,9,3,5-Mar,6,4,6,10,-20,20,6,0
Control,Ambon,29,0,9,3,5-Mar,6,4,6,10,-20,20,7,0
Control,Ambon,29,0,9,3,5-Mar,6,4,6,10,-20,20,8,0
Control,Ambon,29,0,9,3,5-Mar,6,4,6,10,-20,20,9,0
Control,Ambon,29,0,9,3,5-Mar,6,4,6,10,-20,20,10,0
Control,Ambon,30,0,9,4,1-Apr,10,0,10,10,-100,100,1,0
Control,Ambon,30,0,9,4,1-Apr,10,0,10,10,-100,100,2,0
Control,Ambon,30,0,9,4,1-Apr,10,0,10,10,-100,100,3,0
Control,Ambon,30,0,9,4,1-Apr,10,0,10,10,-100,100,4,0
Control,Ambon,30,0,9,4,1-Apr,10,0,10,10,-100,100,5,0
Control,Ambon,30,0,9,4,1-Apr,10,0,10,10,-100,100,6,0
Control,Ambon,30,0,9,4,1-Apr,10,0,10,10,-100,100,7,0
Control,Ambon,30,0,9,4,1-Apr,10,0,10,10,-100,100,8,0
Control,Ambon,30,0,9,4,1-Apr,10,0,10,10,-100,100,9,0
Control,Ambon,30,0,9,4,1-Apr,10,0,10,10,-100,100,10,0
Control,Ambon,31,0,9,4,2-Apr,4,6,6,10,20,20,1,1
Control,Ambon,31,0,9,4,2-Apr,4,6,6,10,20,20,2,1
Control,Ambon,31,0,9,4,2-Apr,4,6,6,10,20,20,3,1
Control,Ambon,31,0,9,4,2-Apr,4,6,6,10,20,20,4,1
Control,Ambon,31,0,9,4,2-Apr,4,6,6,10,20,20,5,1
Control,Ambon,31,0,9,4,2-Apr,4,6,6,10,20,20,6,1
Control,Ambon,31,0,9,4,2-Apr,4,6,6,10,20,20,7,0
Control,Ambon,31,0,9,4,2-Apr,4,6,6,10,20,20,8,0
Control,Ambon,31,0,9,4,2-Apr,4,6,6,10,20,20,9,0
Control,Ambon,31,0,9,4,2-Apr,4,6,6,10,20,20,10,0
Control,Ambon,32,0,9,4,3-Apr,5,5,5,10,0,0,1,1
Control,Ambon,32,0,9,4,3-Apr,5,5,5,10,0,0,2,1
Control,Ambon,32,0,9,4,3-Apr,5,5,5,10,0,0,3,1
Control,Ambon,32,0,9,4,3-Apr,5,5,5,10,0,0,4,1
Control,Ambon,32,0,9,4,3-Apr,5,5,5,10,0,0,5,1
Control,Ambon,32,0,9,4,3-Apr,5,5,5,10,0,0,6,0
Control,Ambon,32,0,9,4,3-Apr,5,5,5,10,0,0,7,0
Control,Ambon,32,0,9,4,3-Apr,5,5,5,10,0,0,8,0
Control,Ambon,32,0,9,4,3-Apr,5,5,5,10,0,0,9,0
Control,Ambon,32,0,9,4,3-Apr,5,5,5,10,0,0,10,0
Control,Ambon,33,0,9,4,4-Apr,4,6,6,10,20,20,1,1
Control,Ambon,33,0,9,4,4-Apr,4,6,6,10,20,20,2,1
Control,Ambon,33,0,9,4,4-Apr,4,6,6,10,20,20,3,1
Control,Ambon,33,0,9,4,4-Apr,4,6,6,10,20,20,4,1
Control,Ambon,33,0,9,4,4-Apr,4,6,6,10,20,20,5,1
Control,Ambon,33,0,9,4,4-Apr,4,6,6,10,20,20,6,1
Control,Ambon,33,0,9,4,4-Apr,4,6,6,10,20,20,7,0
Control,Ambon,33,0,9,4,4-Apr,4,6,6,10,20,20,8,0
Control,Ambon,33,0,9,4,4-Apr,4,6,6,10,20,20,9,0
Control,Ambon,33,0,9,4,4-Apr,4,6,6,10,20,20,10,0
Control,Ambon,34,0,9,4,5-Apr,1,9,9,10,80,80,1,1
Control,Ambon,34,0,9,4,5-Apr,1,9,9,10,80,80,2,1
Control,Ambon,34,0,9,4,5-Apr,1,9,9,10,80,80,3,1
Control,Ambon,34,0,9,4,5-Apr,1,9,9,10,80,80,4,1
Control,Ambon,34,0,9,4,5-Apr,1,9,9,10,80,80,5,1
Control,Ambon,34,0,9,4,5-Apr,1,9,9,10,80,80,6,1
Control,Ambon,34,0,9,4,5-Apr,1,9,9,10,80,80,7,1
Control,Ambon,34,0,9,4,5-Apr,1,9,9,10,80,80,8,1
Control,Ambon,34,0,9,4,5-Apr,1,9,9,10,80,80,9,1
Control,Ambon,34,0,9,4,5-Apr,1,9,9,10,80,80,10,0
Control,Ambon,35,0,9,4,6-Apr,4,6,6,10,20,20,1,1
Control,Ambon,35,0,9,4,6-Apr,4,6,6,10,20,20,2,1
Control,Ambon,35,0,9,4,6-Apr,4,6,6,10,20,20,3,1
Control,Ambon,35,0,9,4,6-Apr,4,6,6,10,20,20,4,1
Control,Ambon,35,0,9,4,6-Apr,4,6,6,10,20,20,5,1
Control,Ambon,35,0,9,4,6-Apr,4,6,6,10,20,20,6,1
Control,Ambon,35,0,9,4,6-Apr,4,6,6,10,20,20,7,0
Control,Ambon,35,0,9,4,6-Apr,4,6,6,10,20,20,8,0
Control,Ambon,35,0,9,4,6-Apr,4,6,6,10,20,20,9,0
Control,Ambon,35,0,9,4,6-Apr,4,6,6,10,20,20,10,0
Control,Ambon,36,0,9,4,7-Apr,4,6,6,10,20,20,1,1
Control,Ambon,36,0,9,4,7-Apr,4,6,6,10,20,20,2,1
Control,Ambon,36,0,9,4,7-Apr,4,6,6,10,20,20,3,1
Control,Ambon,36,0,9,4,7-Apr,4,6,6,10,20,20,4,1
Control,Ambon,36,0,9,4,7-Apr,4,6,6,10,20,20,5,1
Control,Ambon,36,0,9,4,7-Apr,4,6,6,10,20,20,6,1
Control,Ambon,36,0,9,4,7-Apr,4,6,6,10,20,20,7,0
Control,Ambon,36,0,9,4,7-Apr,4,6,6,10,20,20,8,0
Control,Ambon,36,0,9,4,7-Apr,4,6,6,10,20,20,9,0
Control,Ambon,36,0,9,4,7-Apr,4,6,6,10,20,20,10,0
CO2,Ambon,37,8,8,1,1-Jan,5,5,5,10,0,0,1,1
CO2,Ambon,37,8,8,1,1-Jan,5,5,5,10,0,0,2,1
CO2,Ambon,37,8,8,1,1-Jan,5,5,5,10,0,0,3,1
CO2,Ambon,37,8,8,1,1-Jan,5,5,5,10,0,0,4,1
CO2,Ambon,37,8,8,1,1-Jan,5,5,5,10,0,0,5,1
CO2,Ambon,37,8,8,1,1-Jan,5,5,5,10,0,0,6,0
CO2,Ambon,37,8,8,1,1-Jan,5,5,5,10,0,0,7,0
CO2,Ambon,37,8,8,1,1-Jan,5,5,5,10,0,0,8,0
CO2,Ambon,37,8,8,1,1-Jan,5,5,5,10,0,0,9,0
CO2,Ambon,37,8,8,1,1-Jan,5,5,5,10,0,0,10,0
CO2,Ambon,38,8,8,1,3-Jan,4,6,6,10,20,20,1,1
CO2,Ambon,38,8,8,1,3-Jan,4,6,6,10,20,20,2,1
CO2,Ambon,38,8,8,1,3-Jan,4,6,6,10,20,20,3,1
CO2,Ambon,38,8,8,1,3-Jan,4,6,6,10,20,20,4,1
CO2,Ambon,38,8,8,1,3-Jan,4,6,6,10,20,20,5,1
CO2,Ambon,38,8,8,1,3-Jan,4,6,6,10,20,20,6,1
CO2,Ambon,38,8,8,1,3-Jan,4,6,6,10,20,20,7,0
CO2,Ambon,38,8,8,1,3-Jan,4,6,6,10,20,20,8,0
CO2,Ambon,38,8,8,1,3-Jan,4,6,6,10,20,20,9,0
CO2,Ambon,38,8,8,1,3-Jan,4,6,6,10,20,20,10,0
CO2,Ambon,39,8,8,1,4-Jan,5,5,5,10,0,0,1,1
CO2,Ambon,39,8,8,1,4-Jan,5,5,5,10,0,0,2,1
CO2,Ambon,39,8,8,1,4-Jan,5,5,5,10,0,0,3,1
CO2,Ambon,39,8,8,1,4-Jan,5,5,5,10,0,0,4,1
CO2,Ambon,39,8,8,1,4-Jan,5,5,5,10,0,0,5,1
CO2,Ambon,39,8,8,1,4-Jan,5,5,5,10,0,0,6,0
CO2,Ambon,39,8,8,1,4-Jan,5,5,5,10,0,0,7,0
CO2,Ambon,39,8,8,1,4-Jan,5,5,5,10,0,0,8,0
CO2,Ambon,39,8,8,1,4-Jan,5,5,5,10,0,0,9,0
CO2,Ambon,39,8,8,1,4-Jan,5,5,5,10,0,0,10,0
CO2,Ambon,40,8,8,5,1-May,6,4,6,10,-20,20,1,1
CO2,Ambon,40,8,8,5,1-May,6,4,6,10,-20,20,2,1
CO2,Ambon,40,8,8,5,1-May,6,4,6,10,-20,20,3,1
CO2,Ambon,40,8,8,5,1-May,6,4,6,10,-20,20,4,1
CO2,Ambon,40,8,8,5,1-May,6,4,6,10,-20,20,5,0
CO2,Ambon,40,8,8,5,1-May,6,4,6,10,-20,20,6,0
CO2,Ambon,40,8,8,5,1-May,6,4,6,10,-20,20,7,0
CO2,Ambon,40,8,8,5,1-May,6,4,6,10,-20,20,8,0
CO2,Ambon,40,8,8,5,1-May,6,4,6,10,-20,20,9,0
CO2,Ambon,40,8,8,5,1-May,6,4,6,10,-20,20,10,0
CO2,Ambon,41,8,8,5,2-May,5,5,5,10,0,0,1,1
CO2,Ambon,41,8,8,5,2-May,5,5,5,10,0,0,2,1
CO2,Ambon,41,8,8,5,2-May,5,5,5,10,0,0,3,1
CO2,Ambon,41,8,8,5,2-May,5,5,5,10,0,0,4,1
CO2,Ambon,41,8,8,5,2-May,5,5,5,10,0,0,5,1
CO2,Ambon,41,8,8,5,2-May,5,5,5,10,0,0,6,0
CO2,Ambon,41,8,8,5,2-May,5,5,5,10,0,0,7,0
CO2,Ambon,41,8,8,5,2-May,5,5,5,10,0,0,8,0
CO2,Ambon,41,8,8,5,2-May,5,5,5,10,0,0,9,0
CO2,Ambon,41,8,8,5,2-May,5,5,5,10,0,0,10,0
CO2,Ambon,42,8,8,5,3-May,3,7,7,10,40,40,1,1
CO2,Ambon,42,8,8,5,3-May,3,7,7,10,40,40,2,1
CO2,Ambon,42,8,8,5,3-May,3,7,7,10,40,40,3,1
CO2,Ambon,42,8,8,5,3-May,3,7,7,10,40,40,4,1
CO2,Ambon,42,8,8,5,3-May,3,7,7,10,40,40,5,1
CO2,Ambon,42,8,8,5,3-May,3,7,7,10,40,40,6,1
CO2,Ambon,42,8,8,5,3-May,3,7,7,10,40,40,7,1
CO2,Ambon,42,8,8,5,3-May,3,7,7,10,40,40,8,0
CO2,Ambon,42,8,8,5,3-May,3,7,7,10,40,40,9,0
CO2,Ambon,42,8,8,5,3-May,3,7,7,10,40,40,10,0
CO2,Ambon,43,8,8,5,4-May,5,5,5,10,0,0,1,1
CO2,Ambon,43,8,8,5,4-May,5,5,5,10,0,0,2,1
CO2,Ambon,43,8,8,5,4-May,5,5,5,10,0,0,3,1
CO2,Ambon,43,8,8,5,4-May,5,5,5,10,0,0,4,1
CO2,Ambon,43,8,8,5,4-May,5,5,5,10,0,0,5,1
CO2,Ambon,43,8,8,5,4-May,5,5,5,10,0,0,6,0
CO2,Ambon,43,8,8,5,4-May,5,5,5,10,0,0,7,0
CO2,Ambon,43,8,8,5,4-May,5,5,5,10,0,0,8,0
CO2,Ambon,43,8,8,5,4-May,5,5,5,10,0,0,9,0
CO2,Ambon,43,8,8,5,4-May,5,5,5,10,0,0,10,0
CO2,Ambon,44,8,8,5,5-May,5,5,5,10,0,0,1,1
CO2,Ambon,44,8,8,5,5-May,5,5,5,10,0,0,2,1
CO2,Ambon,44,8,8,5,5-May,5,5,5,10,0,0,3,1
CO2,Ambon,44,8,8,5,5-May,5,5,5,10,0,0,4,1
CO2,Ambon,44,8,8,5,5-May,5,5,5,10,0,0,5,1
CO2,Ambon,44,8,8,5,5-May,5,5,5,10,0,0,6,0
CO2,Ambon,44,8,8,5,5-May,5,5,5,10,0,0,7,0
CO2,Ambon,44,8,8,5,5-May,5,5,5,10,0,0,8,0
CO2,Ambon,44,8,8,5,5-May,5,5,5,10,0,0,9,0
CO2,Ambon,44,8,8,5,5-May,5,5,5,10,0,0,10,0
CO2,Ambon,45,8,8,5,6-May,4,6,6,10,20,20,1,1
CO2,Ambon,45,8,8,5,6-May,4,6,6,10,20,20,2,1
CO2,Ambon,45,8,8,5,6-May,4,6,6,10,20,20,3,1
CO2,Ambon,45,8,8,5,6-May,4,6,6,10,20,20,4,1
CO2,Ambon,45,8,8,5,6-May,4,6,6,10,20,20,5,1
CO2,Ambon,45,8,8,5,6-May,4,6,6,10,20,20,6,1
CO2,Ambon,45,8,8,5,6-May,4,6,6,10,20,20,7,0
CO2,Ambon,45,8,8,5,6-May,4,6,6,10,20,20,8,0
CO2,Ambon,45,8,8,5,6-May,4,6,6,10,20,20,9,0
CO2,Ambon,45,8,8,5,6-May,4,6,6,10,20,20,10,0
CO2,Ambon,46,8,8,6,1-Jun,5,5,5,10,0,0,1,1
CO2,Ambon,46,8,8,6,1-Jun,5,5,5,10,0,0,2,1
CO2,Ambon,46,8,8,6,1-Jun,5,5,5,10,0,0,3,1
CO2,Ambon,46,8,8,6,1-Jun,5,5,5,10,0,0,4,1
CO2,Ambon,46,8,8,6,1-Jun,5,5,5,10,0,0,5,1
CO2,Ambon,46,8,8,6,1-Jun,5,5,5,10,0,0,6,0
CO2,Ambon,46,8,8,6,1-Jun,5,5,5,10,0,0,7,0
CO2,Ambon,46,8,8,6,1-Jun,5,5,5,10,0,0,8,0
CO2,Ambon,46,8,8,6,1-Jun,5,5,5,10,0,0,9,0
CO2,Ambon,46,8,8,6,1-Jun,5,5,5,10,0,0,10,0
CO2,Ambon,47,8,8,6,3-Jun,4,6,6,10,20,20,1,1
CO2,Ambon,47,8,8,6,3-Jun,4,6,6,10,20,20,2,1
CO2,Ambon,47,8,8,6,3-Jun,4,6,6,10,20,20,3,1
CO2,Ambon,47,8,8,6,3-Jun,4,6,6,10,20,20,4,1
CO2,Ambon,47,8,8,6,3-Jun,4,6,6,10,20,20,5,1
CO2,Ambon,47,8,8,6,3-Jun,4,6,6,10,20,20,6,1
CO2,Ambon,47,8,8,6,3-Jun,4,6,6,10,20,20,7,0
CO2,Ambon,47,8,8,6,3-Jun,4,6,6,10,20,20,8,0
CO2,Ambon,47,8,8,6,3-Jun,4,6,6,10,20,20,9,0
CO2,Ambon,47,8,8,6,3-Jun,4,6,6,10,20,20,10,0
CO2,Ambon,48,8,8,6,4-Jun,4,6,6,10,20,20,1,1
CO2,Ambon,48,8,8,6,4-Jun,4,6,6,10,20,20,2,1
CO2,Ambon,48,8,8,6,4-Jun,4,6,6,10,20,20,3,1
CO2,Ambon,48,8,8,6,4-Jun,4,6,6,10,20,20,4,1
CO2,Ambon,48,8,8,6,4-Jun,4,6,6,10,20,20,5,1
CO2,Ambon,48,8,8,6,4-Jun,4,6,6,10,20,20,6,1
CO2,Ambon,48,8,8,6,4-Jun,4,6,6,10,20,20,7,0
CO2,Ambon,48,8,8,6,4-Jun,4,6,6,10,20,20,8,0
CO2,Ambon,48,8,8,6,4-Jun,4,6,6,10,20,20,9,0
CO2,Ambon,48,8,8,6,4-Jun,4,6,6,10,20,20,10,0
CO2,Ambon,49,8,8,6,5-Jun,4,6,6,10,20,20,1,1
CO2,Ambon,49,8,8,6,5-Jun,4,6,6,10,20,20,2,1
CO2,Ambon,49,8,8,6,5-Jun,4,6,6,10,20,20,3,1
CO2,Ambon,49,8,8,6,5-Jun,4,6,6,10,20,20,4,1
CO2,Ambon,49,8,8,6,5-Jun,4,6,6,10,20,20,5,1
CO2,Ambon,49,8,8,6,5-Jun,4,6,6,10,20,20,6,1
CO2,Ambon,49,8,8,6,5-Jun,4,6,6,10,20,20,7,0
CO2,Ambon,49,8,8,6,5-Jun,4,6,6,10,20,20,8,0
CO2,Ambon,49,8,8,6,5-Jun,4,6,6,10,20,20,9,0
CO2,Ambon,49,8,8,6,5-Jun,4,6,6,10,20,20,10,0
CO2,Ambon,50,8,8,6,6-Jun,5,5,5,10,0,0,1,1
CO2,Ambon,50,8,8,6,6-Jun,5,5,5,10,0,0,2,1
CO2,Ambon,50,8,8,6,6-Jun,5,5,5,10,0,0,3,1
CO2,Ambon,50,8,8,6,6-Jun,5,5,5,10,0,0,4,1
CO2,Ambon,50,8,8,6,6-Jun,5,5,5,10,0,0,5,1
CO2,Ambon,50,8,8,6,6-Jun,5,5,5,10,0,0,6,0
CO2,Ambon,50,8,8,6,6-Jun,5,5,5,10,0,0,7,0
CO2,Ambon,50,8,8,6,6-Jun,5,5,5,10,0,0,8,0
CO2,Ambon,50,8,8,6,6-Jun,5,5,5,10,0,0,9,0
CO2,Ambon,50,8,8,6,6-Jun,5,5,5,10,0,0,10,0
CO2,Ambon,51,8,8,6,7-Jun,5,5,5,10,0,0,1,1
CO2,Ambon,51,8,8,6,7-Jun,5,5,5,10,0,0,2,1
CO2,Ambon,51,8,8,6,7-Jun,5,5,5,10,0,0,3,1
CO2,Ambon,51,8,8,6,7-Jun,5,5,5,10,0,0,4,1
CO2,Ambon,51,8,8,6,7-Jun,5,5,5,10,0,0,5,1
CO2,Ambon,51,8,8,6,7-Jun,5,5,5,10,0,0,6,0
CO2,Ambon,51,8,8,6,7-Jun,5,5,5,10,0,0,7,0
CO2,Ambon,51,8,8,6,7-Jun,5,5,5,10,0,0,8,0
CO2,Ambon,51,8,8,6,7-Jun,5,5,5,10,0,0,9,0
CO2,Ambon,51,8,8,6,7-Jun,5,5,5,10,0,0,10,0
CO2,Ambon,52,9,9,2,1-Feb,5,5,5,10,0,0,1,1
CO2,Ambon,52,9,9,2,1-Feb,5,5,5,10,0,0,2,1
CO2,Ambon,52,9,9,2,1-Feb,5,5,5,10,0,0,3,1
CO2,Ambon,52,9,9,2,1-Feb,5,5,5,10,0,0,4,1
CO2,Ambon,52,9,9,2,1-Feb,5,5,5,10,0,0,5,1
CO2,Ambon,52,9,9,2,1-Feb,5,5,5,10,0,0,6,0
CO2,Ambon,52,9,9,2,1-Feb,5,5,5,10,0,0,7,0
CO2,Ambon,52,9,9,2,1-Feb,5,5,5,10,0,0,8,0
CO2,Ambon,52,9,9,2,1-Feb,5,5,5,10,0,0,9,0
CO2,Ambon,52,9,9,2,1-Feb,5,5,5,10,0,0,10,0
CO2,Ambon,53,9,9,2,2-Feb,4,6,6,10,20,20,1,1
CO2,Ambon,53,9,9,2,2-Feb,4,6,6,10,20,20,2,1
CO2,Ambon,53,9,9,2,2-Feb,4,6,6,10,20,20,3,1
CO2,Ambon,53,9,9,2,2-Feb,4,6,6,10,20,20,4,1
CO2,Ambon,53,9,9,2,2-Feb,4,6,6,10,20,20,5,1
CO2,Ambon,53,9,9,2,2-Feb,4,6,6,10,20,20,6,1
CO2,Ambon,53,9,9,2,2-Feb,4,6,6,10,20,20,7,0
CO2,Ambon,53,9,9,2,2-Feb,4,6,6,10,20,20,8,0
CO2,Ambon,53,9,9,2,2-Feb,4,6,6,10,20,20,9,0
CO2,Ambon,53,9,9,2,2-Feb,4,6,6,10,20,20,10,0
CO2,Ambon,54,9,9,2,3-Feb,5,5,5,10,0,0,1,1
CO2,Ambon,54,9,9,2,3-Feb,5,5,5,10,0,0,2,1
CO2,Ambon,54,9,9,2,3-Feb,5,5,5,10,0,0,3,1
CO2,Ambon,54,9,9,2,3-Feb,5,5,5,10,0,0,4,1
CO2,Ambon,54,9,9,2,3-Feb,5,5,5,10,0,0,5,1
CO2,Ambon,54,9,9,2,3-Feb,5,5,5,10,0,0,6,0
CO2,Ambon,54,9,9,2,3-Feb,5,5,5,10,0,0,7,0
CO2,Ambon,54,9,9,2,3-Feb,5,5,5,10,0,0,8,0
CO2,Ambon,54,9,9,2,3-Feb,5,5,5,10,0,0,9,0
CO2,Ambon,54,9,9,2,3-Feb,5,5,5,10,0,0,10,0
CO2,Ambon,55,9,9,2,4-Feb,4,6,6,10,20,20,1,1
CO2,Ambon,55,9,9,2,4-Feb,4,6,6,10,20,20,2,1
CO2,Ambon,55,9,9,2,4-Feb,4,6,6,10,20,20,3,1
CO2,Ambon,55,9,9,2,4-Feb,4,6,6,10,20,20,4,1
CO2,Ambon,55,9,9,2,4-Feb,4,6,6,10,20,20,5,1
CO2,Ambon,55,9,9,2,4-Feb,4,6,6,10,20,20,6,1
CO2,Ambon,55,9,9,2,4-Feb,4,6,6,10,20,20,7,0
CO2,Ambon,55,9,9,2,4-Feb,4,6,6,10,20,20,8,0
CO2,Ambon,55,9,9,2,4-Feb,4,6,6,10,20,20,9,0
CO2,Ambon,55,9,9,2,4-Feb,4,6,6,10,20,20,10,0
CO2,Ambon,56,9,9,2,5-Feb,6,4,6,10,-20,20,1,1
CO2,Ambon,56,9,9,2,5-Feb,6,4,6,10,-20,20,2,1
CO2,Ambon,56,9,9,2,5-Feb,6,4,6,10,-20,20,3,1
CO2,Ambon,56,9,9,2,5-Feb,6,4,6,10,-20,20,4,1
CO2,Ambon,56,9,9,2,5-Feb,6,4,6,10,-20,20,5,0
CO2,Ambon,56,9,9,2,5-Feb,6,4,6,10,-20,20,6,0
CO2,Ambon,56,9,9,2,5-Feb,6,4,6,10,-20,20,7,0
CO2,Ambon,56,9,9,2,5-Feb,6,4,6,10,-20,20,8,0
CO2,Ambon,56,9,9,2,5-Feb,6,4,6,10,-20,20,9,0
CO2,Ambon,56,9,9,2,5-Feb,6,4,6,10,-20,20,10,0
CO2,Ambon,57,9,9,2,6-Feb,3,7,7,10,40,40,1,1
CO2,Ambon,57,9,9,2,6-Feb,3,7,7,10,40,40,2,1
CO2,Ambon,57,9,9,2,6-Feb,3,7,7,10,40,40,3,1
CO2,Ambon,57,9,9,2,6-Feb,3,7,7,10,40,40,4,1
CO2,Ambon,57,9,9,2,6-Feb,3,7,7,10,40,40,5,1
CO2,Ambon,57,9,9,2,6-Feb,3,7,7,10,40,40,6,1
CO2,Ambon,57,9,9,2,6-Feb,3,7,7,10,40,40,7,1
CO2,Ambon,57,9,9,2,6-Feb,3,7,7,10,40,40,8,0
CO2,Ambon,57,9,9,2,6-Feb,3,7,7,10,40,40,9,0
CO2,Ambon,57,9,9,2,6-Feb,3,7,7,10,40,40,10,0
CO2,Ambon,58,9,9,2,7-Feb,7,3,7,10,-40,40,1,1
CO2,Ambon,58,9,9,2,7-Feb,7,3,7,10,-40,40,2,1
CO2,Ambon,58,9,9,2,7-Feb,7,3,7,10,-40,40,3,1
CO2,Ambon,58,9,9,2,7-Feb,7,3,7,10,-40,40,4,0
CO2,Ambon,58,9,9,2,7-Feb,7,3,7,10,-40,40,5,0
CO2,Ambon,58,9,9,2,7-Feb,7,3,7,10,-40,40,6,0
CO2,Ambon,58,9,9,2,7-Feb,7,3,7,10,-40,40,7,0
CO2,Ambon,58,9,9,2,7-Feb,7,3,7,10,-40,40,8,0
CO2,Ambon,58,9,9,2,7-Feb,7,3,7,10,-40,40,9,0
CO2,Ambon,58,9,9,2,7-Feb,7,3,7,10,-40,40,10,0
Control,Chromis,59,0,10,3,1-Mar,4,6,6,10,20,20,1,1
Control,Chromis,59,0,10,3,1-Mar,4,6,6,10,20,20,2,1
Control,Chromis,59,0,10,3,1-Mar,4,6,6,10,20,20,3,1
Control,Chromis,59,0,10,3,1-Mar,4,6,6,10,20,20,4,1
Control,Chromis,59,0,10,3,1-Mar,4,6,6,10,20,20,5,1
Control,Chromis,59,0,10,3,1-Mar,4,6,6,10,20,20,6,1
Control,Chromis,59,0,10,3,1-Mar,4,6,6,10,20,20,7,0
Control,Chromis,59,0,10,3,1-Mar,4,6,6,10,20,20,8,0
Control,Chromis,59,0,10,3,1-Mar,4,6,6,10,20,20,9,0
Control,Chromis,59,0,10,3,1-Mar,4,6,6,10,20,20,10,0
Control,Chromis,60,0,10,3,2-Mar,6,4,6,10,-20,20,1,1
Control,Chromis,60,0,10,3,2-Mar,6,4,6,10,-20,20,2,1
Control,Chromis,60,0,10,3,2-Mar,6,4,6,10,-20,20,3,1
Control,Chromis,60,0,10,3,2-Mar,6,4,6,10,-20,20,4,1
Control,Chromis,60,0,10,3,2-Mar,6,4,6,10,-20,20,5,0
Control,Chromis,60,0,10,3,2-Mar,6,4,6,10,-20,20,6,0
Control,Chromis,60,0,10,3,2-Mar,6,4,6,10,-20,20,7,0
Control,Chromis,60,0,10,3,2-Mar,6,4,6,10,-20,20,8,0
Control,Chromis,60,0,10,3,2-Mar,6,4,6,10,-20,20,9,0
Control,Chromis,60,0,10,3,2-Mar,6,4,6,10,-20,20,10,0
Control,Chromis,61,0,10,3,3-Mar,7,3,7,10,-40,40,1,1
Control,Chromis,61,0,10,3,3-Mar,7,3,7,10,-40,40,2,1
Control,Chromis,61,0,10,3,3-Mar,7,3,7,10,-40,40,3,1
Control,Chromis,61,0,10,3,3-Mar,7,3,7,10,-40,40,4,0
Control,Chromis,61,0,10,3,3-Mar,7,3,7,10,-40,40,5,0
Control,Chromis,61,0,10,3,3-Mar,7,3,7,10,-40,40,6,0
Control,Chromis,61,0,10,3,3-Mar,7,3,7,10,-40,40,7,0
Control,Chromis,61,0,10,3,3-Mar,7,3,7,10,-40,40,8,0
Control,Chromis,61,0,10,3,3-Mar,7,3,7,10,-40,40,9,0
Control,Chromis,61,0,10,3,3-Mar,7,3,7,10,-40,40,10,0
Control,Chromis,62,0,10,3,4-Mar,6,4,6,10,-20,20,1,1
Control,Chromis,62,0,10,3,4-Mar,6,4,6,10,-20,20,2,1
Control,Chromis,62,0,10,3,4-Mar,6,4,6,10,-20,20,3,1
Control,Chromis,62,0,10,3,4-Mar,6,4,6,10,-20,20,4,1
Control,Chromis,62,0,10,3,4-Mar,6,4,6,10,-20,20,5,0
Control,Chromis,62,0,10,3,4-Mar,6,4,6,10,-20,20,6,0
Control,Chromis,62,0,10,3,4-Mar,6,4,6,10,-20,20,7,0
Control,Chromis,62,0,10,3,4-Mar,6,4,6,10,-20,20,8,0
Control,Chromis,62,0,10,3,4-Mar,6,4,6,10,-20,20,9,0
Control,Chromis,62,0,10,3,4-Mar,6,4,6,10,-20,20,10,0
Control,Chromis,63,0,10,3,5-Mar,1,9,9,10,80,80,1,1
Control,Chromis,63,0,10,3,5-Mar,1,9,9,10,80,80,2,1
Control,Chromis,63,0,10,3,5-Mar,1,9,9,10,80,80,3,1
Control,Chromis,63,0,10,3,5-Mar,1,9,9,10,80,80,4,1
Control,Chromis,63,0,10,3,5-Mar,1,9,9,10,80,80,5,1
Control,Chromis,63,0,10,3,5-Mar,1,9,9,10,80,80,6,1
Control,Chromis,63,0,10,3,5-Mar,1,9,9,10,80,80,7,1
Control,Chromis,63,0,10,3,5-Mar,1,9,9,10,80,80,8,1
Control,Chromis,63,0,10,3,5-Mar,1,9,9,10,80,80,9,1
Control,Chromis,63,0,10,3,5-Mar,1,9,9,10,80,80,10,0
Control,Chromis,64,0,10,3,7-Mar,7,3,7,10,-40,40,1,1
Control,Chromis,64,0,10,3,7-Mar,7,3,7,10,-40,40,2,1
Control,Chromis,64,0,10,3,7-Mar,7,3,7,10,-40,40,3,1
Control,Chromis,64,0,10,3,7-Mar,7,3,7,10,-40,40,4,0
Control,Chromis,64,0,10,3,7-Mar,7,3,7,10,-40,40,5,0
Control,Chromis,64,0,10,3,7-Mar,7,3,7,10,-40,40,6,0
Control,Chromis,64,0,10,3,7-Mar,7,3,7,10,-40,40,7,0
Control,Chromis,64,0,10,3,7-Mar,7,3,7,10,-40,40,8,0
Control,Chromis,64,0,10,3,7-Mar,7,3,7,10,-40,40,9,0
Control,Chromis,64,0,10,3,7-Mar,7,3,7,10,-40,40,10,0
Control,Chromis,65,0,10,3,8-Mar,5,5,5,10,0,0,1,1
Control,Chromis,65,0,10,3,8-Mar,5,5,5,10,0,0,2,1
Control,Chromis,65,0,10,3,8-Mar,5,5,5,10,0,0,3,1
Control,Chromis,65,0,10,3,8-Mar,5,5,5,10,0,0,4,1
Control,Chromis,65,0,10,3,8-Mar,5,5,5,10,0,0,5,1
Control,Chromis,65,0,10,3,8-Mar,5,5,5,10,0,0,6,0
Control,Chromis,65,0,10,3,8-Mar,5,5,5,10,0,0,7,0
Control,Chromis,65,0,10,3,8-Mar,5,5,5,10,0,0,8,0
Control,Chromis,65,0,10,3,8-Mar,5,5,5,10,0,0,9,0
Control,Chromis,65,0,10,3,8-Mar,5,5,5,10,0,0,10,0
Control,Chromis,66,0,10,3,9-Mar,7,3,7,10,-40,40,1,1
Control,Chromis,66,0,10,3,9-Mar,7,3,7,10,-40,40,2,1
Control,Chromis,66,0,10,3,9-Mar,7,3,7,10,-40,40,3,1
Control,Chromis,66,0,10,3,9-Mar,7,3,7,10,-40,40,4,0
Control,Chromis,66,0,10,3,9-Mar,7,3,7,10,-40,40,5,0
Control,Chromis,66,0,10,3,9-Mar,7,3,7,10,-40,40,6,0
Control,Chromis,66,0,10,3,9-Mar,7,3,7,10,-40,40,7,0
Control,Chromis,66,0,10,3,9-Mar,7,3,7,10,-40,40,8,0
Control,Chromis,66,0,10,3,9-Mar,7,3,7,10,-40,40,9,0
Control,Chromis,66,0,10,3,9-Mar,7,3,7,10,-40,40,10,0
Control,Chromis,67,0,10,4,1-Apr,2,8,8,10,60,60,1,1
Control,Chromis,67,0,10,4,1-Apr,2,8,8,10,60,60,2,1
Control,Chromis,67,0,10,4,1-Apr,2,8,8,10,60,60,3,1
Control,Chromis,67,0,10,4,1-Apr,2,8,8,10,60,60,4,1
Control,Chromis,67,0,10,4,1-Apr,2,8,8,10,60,60,5,1
Control,Chromis,67,0,10,4,1-Apr,2,8,8,10,60,60,6,1
Control,Chromis,67,0,10,4,1-Apr,2,8,8,10,60,60,7,1
Control,Chromis,67,0,10,4,1-Apr,2,8,8,10,60,60,8,1
Control,Chromis,67,0,10,4,1-Apr,2,8,8,10,60,60,9,0
Control,Chromis,67,0,10,4,1-Apr,2,8,8,10,60,60,10,0
Control,Chromis,68,0,10,4,2-Apr,6,4,6,10,-20,20,1,1
Control,Chromis,68,0,10,4,2-Apr,6,4,6,10,-20,20,2,1
Control,Chromis,68,0,10,4,2-Apr,6,4,6,10,-20,20,3,1
Control,Chromis,68,0,10,4,2-Apr,6,4,6,10,-20,20,4,1
Control,Chromis,68,0,10,4,2-Apr,6,4,6,10,-20,20,5,0
Control,Chromis,68,0,10,4,2-Apr,6,4,6,10,-20,20,6,0
Control,Chromis,68,0,10,4,2-Apr,6,4,6,10,-20,20,7,0
Control,Chromis,68,0,10,4,2-Apr,6,4,6,10,-20,20,8,0
Control,Chromis,68,0,10,4,2-Apr,6,4,6,10,-20,20,9,0
Control,Chromis,68,0,10,4,2-Apr,6,4,6,10,-20,20,10,0
Control,Chromis,69,0,10,4,3-Apr,7,3,7,10,-40,40,1,1
Control,Chromis,69,0,10,4,3-Apr,7,3,7,10,-40,40,2,1
Control,Chromis,69,0,10,4,3-Apr,7,3,7,10,-40,40,3,1
Control,Chromis,69,0,10,4,3-Apr,7,3,7,10,-40,40,4,0
Control,Chromis,69,0,10,4,3-Apr,7,3,7,10,-40,40,5,0
Control,Chromis,69,0,10,4,3-Apr,7,3,7,10,-40,40,6,0
Control,Chromis,69,0,10,4,3-Apr,7,3,7,10,-40,40,7,0
Control,Chromis,69,0,10,4,3-Apr,7,3,7,10,-40,40,8,0
Control,Chromis,69,0,10,4,3-Apr,7,3,7,10,-40,40,9,0
Control,Chromis,69,0,10,4,3-Apr,7,3,7,10,-40,40,10,0
Control,Chromis,70,0,10,4,4-Apr,2,8,8,10,60,60,1,1
Control,Chromis,70,0,10,4,4-Apr,2,8,8,10,60,60,2,1
Control,Chromis,70,0,10,4,4-Apr,2,8,8,10,60,60,3,1
Control,Chromis,70,0,10,4,4-Apr,2,8,8,10,60,60,4,1
Control,Chromis,70,0,10,4,4-Apr,2,8,8,10,60,60,5,1
Control,Chromis,70,0,10,4,4-Apr,2,8,8,10,60,60,6,1
Control,Chromis,70,0,10,4,4-Apr,2,8,8,10,60,60,7,1
Control,Chromis,70,0,10,4,4-Apr,2,8,8,10,60,60,8,1
Control,Chromis,70,0,10,4,4-Apr,2,8,8,10,60,60,9,0
Control,Chromis,70,0,10,4,4-Apr,2,8,8,10,60,60,10,0
Control,Chromis,71,0,10,4,5-Apr,5,5,5,10,0,0,1,1
Control,Chromis,71,0,10,4,5-Apr,5,5,5,10,0,0,2,1
Control,Chromis,71,0,10,4,5-Apr,5,5,5,10,0,0,3,1
Control,Chromis,71,0,10,4,5-Apr,5,5,5,10,0,0,4,1
Control,Chromis,71,0,10,4,5-Apr,5,5,5,10,0,0,5,1
Control,Chromis,71,0,10,4,5-Apr,5,5,5,10,0,0,6,0
Control,Chromis,71,0,10,4,5-Apr,5,5,5,10,0,0,7,0
Control,Chromis,71,0,10,4,5-Apr,5,5,5,10,0,0,8,0
Control,Chromis,71,0,10,4,5-Apr,5,5,5,10,0,0,9,0
Control,Chromis,71,0,10,4,5-Apr,5,5,5,10,0,0,10,0
Control,Chromis,72,0,10,4,6-Apr,6,4,6,10,-20,20,1,1
Control,Chromis,72,0,10,4,6-Apr,6,4,6,10,-20,20,2,1
Control,Chromis,72,0,10,4,6-Apr,6,4,6,10,-20,20,3,1
Control,Chromis,72,0,10,4,6-Apr,6,4,6,10,-20,20,4,1
Control,Chromis,72,0,10,4,6-Apr,6,4,6,10,-20,20,5,0
Control,Chromis,72,0,10,4,6-Apr,6,4,6,10,-20,20,6,0
Control,Chromis,72,0,10,4,6-Apr,6,4,6,10,-20,20,7,0
Control,Chromis,72,0,10,4,6-Apr,6,4,6,10,-20,20,8,0
Control,Chromis,72,0,10,4,6-Apr,6,4,6,10,-20,20,9,0
Control,Chromis,72,0,10,4,6-Apr,6,4,6,10,-20,20,10,0
Control,Chromis,73,0,10,4,7-Apr,6,4,6,10,-20,20,1,1
Control,Chromis,73,0,10,4,7-Apr,6,4,6,10,-20,20,2,1
Control,Chromis,73,0,10,4,7-Apr,6,4,6,10,-20,20,3,1
Control,Chromis,73,0,10,4,7-Apr,6,4,6,10,-20,20,4,1
Control,Chromis,73,0,10,4,7-Apr,6,4,6,10,-20,20,5,0
Control,Chromis,73,0,10,4,7-Apr,6,4,6,10,-20,20,6,0
Control,Chromis,73,0,10,4,7-Apr,6,4,6,10,-20,20,7,0
Control,Chromis,73,0,10,4,7-Apr,6,4,6,10,-20,20,8,0
Control,Chromis,73,0,10,4,7-Apr,6,4,6,10,-20,20,9,0
Control,Chromis,73,0,10,4,7-Apr,6,4,6,10,-20,20,10,0
Control,Chromis,74,0,10,4,8-Apr,2,8,8,10,60,60,1,1
Control,Chromis,74,0,10,4,8-Apr,2,8,8,10,60,60,2,1
Control,Chromis,74,0,10,4,8-Apr,2,8,8,10,60,60,3,1
Control,Chromis,74,0,10,4,8-Apr,2,8,8,10,60,60,4,1
Control,Chromis,74,0,10,4,8-Apr,2,8,8,10,60,60,5,1
Control,Chromis,74,0,10,4,8-Apr,2,8,8,10,60,60,6,1
Control,Chromis,74,0,10,4,8-Apr,2,8,8,10,60,60,7,1
Control,Chromis,74,0,10,4,8-Apr,2,8,8,10,60,60,8,1
Control,Chromis,74,0,10,4,8-Apr,2,8,8,10,60,60,9,0
Control,Chromis,74,0,10,4,8-Apr,2,8,8,10,60,60,10,0
Control,Chromis,75,0,10,8,1-Aug,7,3,7,10,-40,40,1,1
Control,Chromis,75,0,10,8,1-Aug,7,3,7,10,-40,40,2,1
Control,Chromis,75,0,10,8,1-Aug,7,3,7,10,-40,40,3,1
Control,Chromis,75,0,10,8,1-Aug,7,3,7,10,-40,40,4,0
Control,Chromis,75,0,10,8,1-Aug,7,3,7,10,-40,40,5,0
Control,Chromis,75,0,10,8,1-Aug,7,3,7,10,-40,40,6,0
Control,Chromis,75,0,10,8,1-Aug,7,3,7,10,-40,40,7,0
Control,Chromis,75,0,10,8,1-Aug,7,3,7,10,-40,40,8,0
Control,Chromis,75,0,10,8,1-Aug,7,3,7,10,-40,40,9,0
Control,Chromis,75,0,10,8,1-Aug,7,3,7,10,-40,40,10,0
Control,Chromis,76,0,10,8,2-Aug,2,8,8,10,60,60,1,1
Control,Chromis,76,0,10,8,2-Aug,2,8,8,10,60,60,2,1
Control,Chromis,76,0,10,8,2-Aug,2,8,8,10,60,60,3,1
Control,Chromis,76,0,10,8,2-Aug,2,8,8,10,60,60,4,1
Control,Chromis,76,0,10,8,2-Aug,2,8,8,10,60,60,5,1
Control,Chromis,76,0,10,8,2-Aug,2,8,8,10,60,60,6,1
Control,Chromis,76,0,10,8,2-Aug,2,8,8,10,60,60,7,1
Control,Chromis,76,0,10,8,2-Aug,2,8,8,10,60,60,8,1
Control,Chromis,76,0,10,8,2-Aug,2,8,8,10,60,60,9,0
Control,Chromis,76,0,10,8,2-Aug,2,8,8,10,60,60,10,0
Control,Chromis,77,0,10,8,3-Aug,4,6,6,10,20,20,1,1
Control,Chromis,77,0,10,8,3-Aug,4,6,6,10,20,20,2,1
Control,Chromis,77,0,10,8,3-Aug,4,6,6,10,20,20,3,1
Control,Chromis,77,0,10,8,3-Aug,4,6,6,10,20,20,4,1
Control,Chromis,77,0,10,8,3-Aug,4,6,6,10,20,20,5,1
Control,Chromis,77,0,10,8,3-Aug,4,6,6,10,20,20,6,1
Control,Chromis,77,0,10,8,3-Aug,4,6,6,10,20,20,7,0
Control,Chromis,77,0,10,8,3-Aug,4,6,6,10,20,20,8,0
Control,Chromis,77,0,10,8,3-Aug,4,6,6,10,20,20,9,0
Control,Chromis,77,0,10,8,3-Aug,4,6,6,10,20,20,10,0
Control,Chromis,78,0,11,7,1-Jul,7,3,7,10,-40,40,1,1
Control,Chromis,78,0,11,7,1-Jul,7,3,7,10,-40,40,2,1
Control,Chromis,78,0,11,7,1-Jul,7,3,7,10,-40,40,3,1
Control,Chromis,78,0,11,7,1-Jul,7,3,7,10,-40,40,4,0
Control,Chromis,78,0,11,7,1-Jul,7,3,7,10,-40,40,5,0
Control,Chromis,78,0,11,7,1-Jul,7,3,7,10,-40,40,6,0
Control,Chromis,78,0,11,7,1-Jul,7,3,7,10,-40,40,7,0
Control,Chromis,78,0,11,7,1-Jul,7,3,7,10,-40,40,8,0
Control,Chromis,78,0,11,7,1-Jul,7,3,7,10,-40,40,9,0
Control,Chromis,78,0,11,7,1-Jul,7,3,7,10,-40,40,10,0
Control,Chromis,79,0,11,7,2-Jul,6,4,6,10,-20,20,1,1
Control,Chromis,79,0,11,7,2-Jul,6,4,6,10,-20,20,2,1
Control,Chromis,79,0,11,7,2-Jul,6,4,6,10,-20,20,3,1
Control,Chromis,79,0,11,7,2-Jul,6,4,6,10,-20,20,4,1
Control,Chromis,79,0,11,7,2-Jul,6,4,6,10,-20,20,5,0
Control,Chromis,79,0,11,7,2-Jul,6,4,6,10,-20,20,6,0
Control,Chromis,79,0,11,7,2-Jul,6,4,6,10,-20,20,7,0
Control,Chromis,79,0,11,7,2-Jul,6,4,6,10,-20,20,8,0
Control,Chromis,79,0,11,7,2-Jul,6,4,6,10,-20,20,9,0
Control,Chromis,79,0,11,7,2-Jul,6,4,6,10,-20,20,10,0
Control,Chromis,80,0,11,7,3-Jul,7,3,7,10,-40,40,1,1
Control,Chromis,80,0,11,7,3-Jul,7,3,7,10,-40,40,2,1
Control,Chromis,80,0,11,7,3-Jul,7,3,7,10,-40,40,3,1
Control,Chromis,80,0,11,7,3-Jul,7,3,7,10,-40,40,4,0
Control,Chromis,80,0,11,7,3-Jul,7,3,7,10,-40,40,5,0
Control,Chromis,80,0,11,7,3-Jul,7,3,7,10,-40,40,6,0
Control,Chromis,80,0,11,7,3-Jul,7,3,7,10,-40,40,7,0
Control,Chromis,80,0,11,7,3-Jul,7,3,7,10,-40,40,8,0
Control,Chromis,80,0,11,7,3-Jul,7,3,7,10,-40,40,9,0
Control,Chromis,80,0,11,7,3-Jul,7,3,7,10,-40,40,10,0
Control,Chromis,81,0,11,7,4-Jul,3,7,7,10,40,40,1,1
Control,Chromis,81,0,11,7,4-Jul,3,7,7,10,40,40,2,1
Control,Chromis,81,0,11,7,4-Jul,3,7,7,10,40,40,3,1
Control,Chromis,81,0,11,7,4-Jul,3,7,7,10,40,40,4,1
Control,Chromis,81,0,11,7,4-Jul,3,7,7,10,40,40,5,1
Control,Chromis,81,0,11,7,4-Jul,3,7,7,10,40,40,6,1
Control,Chromis,81,0,11,7,4-Jul,3,7,7,10,40,40,7,1
Control,Chromis,81,0,11,7,4-Jul,3,7,7,10,40,40,8,0
Control,Chromis,81,0,11,7,4-Jul,3,7,7,10,40,40,9,0
Control,Chromis,81,0,11,7,4-Jul,3,7,7,10,40,40,10,0
Control,Chromis,82,0,11,7,5-Jul,5,5,5,10,0,0,1,1
Control,Chromis,82,0,11,7,5-Jul,5,5,5,10,0,0,2,1
Control,Chromis,82,0,11,7,5-Jul,5,5,5,10,0,0,3,1
Control,Chromis,82,0,11,7,5-Jul,5,5,5,10,0,0,4,1
Control,Chromis,82,0,11,7,5-Jul,5,5,5,10,0,0,5,1
Control,Chromis,82,0,11,7,5-Jul,5,5,5,10,0,0,6,0
Control,Chromis,82,0,11,7,5-Jul,5,5,5,10,0,0,7,0
Control,Chromis,82,0,11,7,5-Jul,5,5,5,10,0,0,8,0
Control,Chromis,82,0,11,7,5-Jul,5,5,5,10,0,0,9,0
Control,Chromis,82,0,11,7,5-Jul,5,5,5,10,0,0,10,0
Control,Chromis,83,0,11,7,6-Jul,4,6,6,10,20,20,1,1
Control,Chromis,83,0,11,7,6-Jul,4,6,6,10,20,20,2,1
Control,Chromis,83,0,11,7,6-Jul,4,6,6,10,20,20,3,1
Control,Chromis,83,0,11,7,6-Jul,4,6,6,10,20,20,4,1
Control,Chromis,83,0,11,7,6-Jul,4,6,6,10,20,20,5,1
Control,Chromis,83,0,11,7,6-Jul,4,6,6,10,20,20,6,1
Control,Chromis,83,0,11,7,6-Jul,4,6,6,10,20,20,7,0
Control,Chromis,83,0,11,7,6-Jul,4,6,6,10,20,20,8,0
Control,Chromis,83,0,11,7,6-Jul,4,6,6,10,20,20,9,0
Control,Chromis,83,0,11,7,6-Jul,4,6,6,10,20,20,10,0
Control,Chromis,84,0,11,7,7-Jul,5,5,5,10,0,0,1,1
Control,Chromis,84,0,11,7,7-Jul,5,5,5,10,0,0,2,1
Control,Chromis,84,0,11,7,7-Jul,5,5,5,10,0,0,3,1
Control,Chromis,84,0,11,7,7-Jul,5,5,5,10,0,0,4,1
Control,Chromis,84,0,11,7,7-Jul,5,5,5,10,0,0,5,1
Control,Chromis,84,0,11,7,7-Jul,5,5,5,10,0,0,6,0
Control,Chromis,84,0,11,7,7-Jul,5,5,5,10,0,0,7,0
Control,Chromis,84,0,11,7,7-Jul,5,5,5,10,0,0,8,0
Control,Chromis,84,0,11,7,7-Jul,5,5,5,10,0,0,9,0
Control,Chromis,84,0,11,7,7-Jul,5,5,5,10,0,0,10,0
CO2,Chromis,85,10,10,1,1-Jan,3,7,7,10,40,40,1,1
CO2,Chromis,85,10,10,1,1-Jan,3,7,7,10,40,40,2,1
CO2,Chromis,85,10,10,1,1-Jan,3,7,7,10,40,40,3,1
CO2,Chromis,85,10,10,1,1-Jan,3,7,7,10,40,40,4,1
CO2,Chromis,85,10,10,1,1-Jan,3,7,7,10,40,40,5,1
CO2,Chromis,85,10,10,1,1-Jan,3,7,7,10,40,40,6,1
CO2,Chromis,85,10,10,1,1-Jan,3,7,7,10,40,40,7,1
CO2,Chromis,85,10,10,1,1-Jan,3,7,7,10,40,40,8,0
CO2,Chromis,85,10,10,1,1-Jan,3,7,7,10,40,40,9,0
CO2,Chromis,85,10,10,1,1-Jan,3,7,7,10,40,40,10,0
CO2,Chromis,86,10,10,1,2-Jan,2,8,8,10,60,60,1,1
CO2,Chromis,86,10,10,1,2-Jan,2,8,8,10,60,60,2,1
CO2,Chromis,86,10,10,1,2-Jan,2,8,8,10,60,60,3,1
CO2,Chromis,86,10,10,1,2-Jan,2,8,8,10,60,60,4,1
CO2,Chromis,86,10,10,1,2-Jan,2,8,8,10,60,60,5,1
CO2,Chromis,86,10,10,1,2-Jan,2,8,8,10,60,60,6,1
CO2,Chromis,86,10,10,1,2-Jan,2,8,8,10,60,60,7,1
CO2,Chromis,86,10,10,1,2-Jan,2,8,8,10,60,60,8,1
CO2,Chromis,86,10,10,1,2-Jan,2,8,8,10,60,60,9,0
CO2,Chromis,86,10,10,1,2-Jan,2,8,8,10,60,60,10,0
CO2,Chromis,87,10,10,1,3-Jan,5,5,5,10,0,0,1,1
CO2,Chromis,87,10,10,1,3-Jan,5,5,5,10,0,0,2,1
CO2,Chromis,87,10,10,1,3-Jan,5,5,5,10,0,0,3,1
CO2,Chromis,87,10,10,1,3-Jan,5,5,5,10,0,0,4,1
CO2,Chromis,87,10,10,1,3-Jan,5,5,5,10,0,0,5,1
CO2,Chromis,87,10,10,1,3-Jan,5,5,5,10,0,0,6,0
CO2,Chromis,87,10,10,1,3-Jan,5,5,5,10,0,0,7,0
CO2,Chromis,87,10,10,1,3-Jan,5,5,5,10,0,0,8,0
CO2,Chromis,87,10,10,1,3-Jan,5,5,5,10,0,0,9,0
CO2,Chromis,87,10,10,1,3-Jan,5,5,5,10,0,0,10,0
CO2,Chromis,88,10,10,1,4-Jan,4,6,6,10,20,20,1,1
CO2,Chromis,88,10,10,1,4-Jan,4,6,6,10,20,20,2,1
CO2,Chromis,88,10,10,1,4-Jan,4,6,6,10,20,20,3,1
CO2,Chromis,88,10,10,1,4-Jan,4,6,6,10,20,20,4,1
CO2,Chromis,88,10,10,1,4-Jan,4,6,6,10,20,20,5,1
CO2,Chromis,88,10,10,1,4-Jan,4,6,6,10,20,20,6,1
CO2,Chromis,88,10,10,1,4-Jan,4,6,6,10,20,20,7,0
CO2,Chromis,88,10,10,1,4-Jan,4,6,6,10,20,20,8,0
CO2,Chromis,88,10,10,1,4-Jan,4,6,6,10,20,20,9,0
CO2,Chromis,88,10,10,1,4-Jan,4,6,6,10,20,20,10,0
CO2,Chromis,89,10,10,2,1-Feb,6,4,6,10,-20,20,1,1
CO2,Chromis,89,10,10,2,1-Feb,6,4,6,10,-20,20,2,1
CO2,Chromis,89,10,10,2,1-Feb,6,4,6,10,-20,20,3,1
CO2,Chromis,89,10,10,2,1-Feb,6,4,6,10,-20,20,4,1
CO2,Chromis,89,10,10,2,1-Feb,6,4,6,10,-20,20,5,0
CO2,Chromis,89,10,10,2,1-Feb,6,4,6,10,-20,20,6,0
CO2,Chromis,89,10,10,2,1-Feb,6,4,6,10,-20,20,7,0
CO2,Chromis,89,10,10,2,1-Feb,6,4,6,10,-20,20,8,0
CO2,Chromis,89,10,10,2,1-Feb,6,4,6,10,-20,20,9,0
CO2,Chromis,89,10,10,2,1-Feb,6,4,6,10,-20,20,10,0
CO2,Chromis,90,10,10,2,2-Feb,3,7,7,10,40,40,1,1
CO2,Chromis,90,10,10,2,2-Feb,3,7,7,10,40,40,2,1
CO2,Chromis,90,10,10,2,2-Feb,3,7,7,10,40,40,3,1
CO2,Chromis,90,10,10,2,2-Feb,3,7,7,10,40,40,4,1
CO2,Chromis,90,10,10,2,2-Feb,3,7,7,10,40,40,5,1
CO2,Chromis,90,10,10,2,2-Feb,3,7,7,10,40,40,6,1
CO2,Chromis,90,10,10,2,2-Feb,3,7,7,10,40,40,7,1
CO2,Chromis,90,10,10,2,2-Feb,3,7,7,10,40,40,8,0
CO2,Chromis,90,10,10,2,2-Feb,3,7,7,10,40,40,9,0
CO2,Chromis,90,10,10,2,2-Feb,3,7,7,10,40,40,10,0
CO2,Chromis,91,10,10,2,3-Feb,7,3,7,10,-40,40,1,1
CO2,Chromis,91,10,10,2,3-Feb,7,3,7,10,-40,40,2,1
CO2,Chromis,91,10,10,2,3-Feb,7,3,7,10,-40,40,3,1
CO2,Chromis,91,10,10,2,3-Feb,7,3,7,10,-40,40,4,0
CO2,Chromis,91,10,10,2,3-Feb,7,3,7,10,-40,40,5,0
CO2,Chromis,91,10,10,2,3-Feb,7,3,7,10,-40,40,6,0
CO2,Chromis,91,10,10,2,3-Feb,7,3,7,10,-40,40,7,0
CO2,Chromis,91,10,10,2,3-Feb,7,3,7,10,-40,40,8,0
CO2,Chromis,91,10,10,2,3-Feb,7,3,7,10,-40,40,9,0
CO2,Chromis,91,10,10,2,3-Feb,7,3,7,10,-40,40,10,0
CO2,Chromis,92,10,10,2,4-Feb,3,7,7,10,40,40,1,1
CO2,Chromis,92,10,10,2,4-Feb,3,7,7,10,40,40,2,1
CO2,Chromis,92,10,10,2,4-Feb,3,7,7,10,40,40,3,1
CO2,Chromis,92,10,10,2,4-Feb,3,7,7,10,40,40,4,1
CO2,Chromis,92,10,10,2,4-Feb,3,7,7,10,40,40,5,1
CO2,Chromis,92,10,10,2,4-Feb,3,7,7,10,40,40,6,1
CO2,Chromis,92,10,10,2,4-Feb,3,7,7,10,40,40,7,1
CO2,Chromis,92,10,10,2,4-Feb,3,7,7,10,40,40,8,0
CO2,Chromis,92,10,10,2,4-Feb,3,7,7,10,40,40,9,0
CO2,Chromis,92,10,10,2,4-Feb,3,7,7,10,40,40,10,0
CO2,Chromis,93,10,10,2,5-Feb,3,7,7,10,40,40,1,1
CO2,Chromis,93,10,10,2,5-Feb,3,7,7,10,40,40,2,1
CO2,Chromis,93,10,10,2,5-Feb,3,7,7,10,40,40,3,1
CO2,Chromis,93,10,10,2,5-Feb,3,7,7,10,40,40,4,1
CO2,Chromis,93,10,10,2,5-Feb,3,7,7,10,40,40,5,1
CO2,Chromis,93,10,10,2,5-Feb,3,7,7,10,40,40,6,1
CO2,Chromis,93,10,10,2,5-Feb,3,7,7,10,40,40,7,1
CO2,Chromis,93,10,10,2,5-Feb,3,7,7,10,40,40,8,0
CO2,Chromis,93,10,10,2,5-Feb,3,7,7,10,40,40,9,0
CO2,Chromis,93,10,10,2,5-Feb,3,7,7,10,40,40,10,0
CO2,Chromis,94,11,11,5,1-May,7,3,7,10,-40,40,1,1
CO2,Chromis,94,11,11,5,1-May,7,3,7,10,-40,40,2,1
CO2,Chromis,94,11,11,5,1-May,7,3,7,10,-40,40,3,1
CO2,Chromis,94,11,11,5,1-May,7,3,7,10,-40,40,4,0
CO2,Chromis,94,11,11,5,1-May,7,3,7,10,-40,40,5,0
CO2,Chromis,94,11,11,5,1-May,7,3,7,10,-40,40,6,0
CO2,Chromis,94,11,11,5,1-May,7,3,7,10,-40,40,7,0
CO2,Chromis,94,11,11,5,1-May,7,3,7,10,-40,40,8,0
CO2,Chromis,94,11,11,5,1-May,7,3,7,10,-40,40,9,0
CO2,Chromis,94,11,11,5,1-May,7,3,7,10,-40,40,10,0
CO2,Chromis,95,11,11,5,2-May,5,5,5,10,0,0,1,1
CO2,Chromis,95,11,11,5,2-May,5,5,5,10,0,0,2,1
CO2,Chromis,95,11,11,5,2-May,5,5,5,10,0,0,3,1
CO2,Chromis,95,11,11,5,2-May,5,5,5,10,0,0,4,1
CO2,Chromis,95,11,11,5,2-May,5,5,5,10,0,0,5,1
CO2,Chromis,95,11,11,5,2-May,5,5,5,10,0,0,6,0
CO2,Chromis,95,11,11,5,2-May,5,5,5,10,0,0,7,0
CO2,Chromis,95,11,11,5,2-May,5,5,5,10,0,0,8,0
CO2,Chromis,95,11,11,5,2-May,5,5,5,10,0,0,9,0
CO2,Chromis,95,11,11,5,2-May,5,5,5,10,0,0,10,0
CO2,Chromis,96,11,11,5,3-May,5,5,5,10,0,0,1,1
CO2,Chromis,96,11,11,5,3-May,5,5,5,10,0,0,2,1
CO2,Chromis,96,11,11,5,3-May,5,5,5,10,0,0,3,1
CO2,Chromis,96,11,11,5,3-May,5,5,5,10,0,0,4,1
CO2,Chromis,96,11,11,5,3-May,5,5,5,10,0,0,5,1
CO2,Chromis,96,11,11,5,3-May,5,5,5,10,0,0,6,0
CO2,Chromis,96,11,11,5,3-May,5,5,5,10,0,0,7,0
CO2,Chromis,96,11,11,5,3-May,5,5,5,10,0,0,8,0
CO2,Chromis,96,11,11,5,3-May,5,5,5,10,0,0,9,0
CO2,Chromis,96,11,11,5,3-May,5,5,5,10,0,0,10,0
CO2,Chromis,97,11,11,5,4-May,5,5,5,10,0,0,1,1
CO2,Chromis,97,11,11,5,4-May,5,5,5,10,0,0,2,1
CO2,Chromis,97,11,11,5,4-May,5,5,5,10,0,0,3,1
CO2,Chromis,97,11,11,5,4-May,5,5,5,10,0,0,4,1
CO2,Chromis,97,11,11,5,4-May,5,5,5,10,0,0,5,1
CO2,Chromis,97,11,11,5,4-May,5,5,5,10,0,0,6,0
CO2,Chromis,97,11,11,5,4-May,5,5,5,10,0,0,7,0
CO2,Chromis,97,11,11,5,4-May,5,5,5,10,0,0,8,0
CO2,Chromis,97,11,11,5,4-May,5,5,5,10,0,0,9,0
CO2,Chromis,97,11,11,5,4-May,5,5,5,10,0,0,10,0
CO2,Chromis,98,11,11,5,5-May,5,5,5,10,0,0,1,1
CO2,Chromis,98,11,11,5,5-May,5,5,5,10,0,0,2,1
CO2,Chromis,98,11,11,5,5-May,5,5,5,10,0,0,3,1
CO2,Chromis,98,11,11,5,5-May,5,5,5,10,0,0,4,1
CO2,Chromis,98,11,11,5,5-May,5,5,5,10,0,0,5,1
CO2,Chromis,98,11,11,5,5-May,5,5,5,10,0,0,6,0
CO2,Chromis,98,11,11,5,5-May,5,5,5,10,0,0,7,0
CO2,Chromis,98,11,11,5,5-May,5,5,5,10,0,0,8,0
CO2,Chromis,98,11,11,5,5-May,5,5,5,10,0,0,9,0
CO2,Chromis,98,11,11,5,5-May,5,5,5,10,0,0,10,0
CO2,Chromis,99,11,11,5,6-May,3,7,7,10,40,40,1,1
CO2,Chromis,99,11,11,5,6-May,3,7,7,10,40,40,2,1
CO2,Chromis,99,11,11,5,6-May,3,7,7,10,40,40,3,1
CO2,Chromis,99,11,11,5,6-May,3,7,7,10,40,40,4,1
CO2,Chromis,99,11,11,5,6-May,3,7,7,10,40,40,5,1
CO2,Chromis,99,11,11,5,6-May,3,7,7,10,40,40,6,1
CO2,Chromis,99,11,11,5,6-May,3,7,7,10,40,40,7,1
CO2,Chromis,99,11,11,5,6-May,3,7,7,10,40,40,8,0
CO2,Chromis,99,11,11,5,6-May,3,7,7,10,40,40,9,0
CO2,Chromis,99,11,11,5,6-May,3,7,7,10,40,40,10,0
CO2,Chromis,100,12,12,6,1-Jun,3,7,7,10,40,40,1,1
CO2,Chromis,100,12,12,6,1-Jun,3,7,7,10,40,40,2,1
CO2,Chromis,100,12,12,6,1-Jun,3,7,7,10,40,40,3,1
CO2,Chromis,100,12,12,6,1-Jun,3,7,7,10,40,40,4,1
CO2,Chromis,100,12,12,6,1-Jun,3,7,7,10,40,40,5,1
CO2,Chromis,100,12,12,6,1-Jun,3,7,7,10,40,40,6,1
CO2,Chromis,100,12,12,6,1-Jun,3,7,7,10,40,40,7,1
CO2,Chromis,100,12,12,6,1-Jun,3,7,7,10,40,40,8,0
CO2,Chromis,100,12,12,6,1-Jun,3,7,7,10,40,40,9,0
CO2,Chromis,100,12,12,6,1-Jun,3,7,7,10,40,40,10,0
CO2,Chromis,101,12,12,6,2-Jun,3,7,7,10,40,40,1,1
CO2,Chromis,101,12,12,6,2-Jun,3,7,7,10,40,40,2,1
CO2,Chromis,101,12,12,6,2-Jun,3,7,7,10,40,40,3,1
CO2,Chromis,101,12,12,6,2-Jun,3,7,7,10,40,40,4,1
CO2,Chromis,101,12,12,6,2-Jun,3,7,7,10,40,40,5,1
CO2,Chromis,101,12,12,6,2-Jun,3,7,7,10,40,40,6,1
CO2,Chromis,101,12,12,6,2-Jun,3,7,7,10,40,40,7,1
CO2,Chromis,101,12,12,6,2-Jun,3,7,7,10,40,40,8,0
CO2,Chromis,101,12,12,6,2-Jun,3,7,7,10,40,40,9,0
CO2,Chromis,101,12,12,6,2-Jun,3,7,7,10,40,40,10,0
Control,Humbug,102,0,12,3,1-Mar,5,5,5,10,0,0,1,1
Control,Humbug,102,0,12,3,1-Mar,5,5,5,10,0,0,2,1
Control,Humbug,102,0,12,3,1-Mar,5,5,5,10,0,0,3,1
Control,Humbug,102,0,12,3,1-Mar,5,5,5,10,0,0,4,1
Control,Humbug,102,0,12,3,1-Mar,5,5,5,10,0,0,5,1
Control,Humbug,102,0,12,3,1-Mar,5,5,5,10,0,0,6,0
Control,Humbug,102,0,12,3,1-Mar,5,5,5,10,0,0,7,0
Control,Humbug,102,0,12,3,1-Mar,5,5,5,10,0,0,8,0
Control,Humbug,102,0,12,3,1-Mar,5,5,5,10,0,0,9,0
Control,Humbug,102,0,12,3,1-Mar,5,5,5,10,0,0,10,0
Control,Humbug,103,0,12,3,2-Mar,5,5,5,10,0,0,1,1
Control,Humbug,103,0,12,3,2-Mar,5,5,5,10,0,0,2,1
Control,Humbug,103,0,12,3,2-Mar,5,5,5,10,0,0,3,1
Control,Humbug,103,0,12,3,2-Mar,5,5,5,10,0,0,4,1
Control,Humbug,103,0,12,3,2-Mar,5,5,5,10,0,0,5,1
Control,Humbug,103,0,12,3,2-Mar,5,5,5,10,0,0,6,0
Control,Humbug,103,0,12,3,2-Mar,5,5,5,10,0,0,7,0
Control,Humbug,103,0,12,3,2-Mar,5,5,5,10,0,0,8,0
Control,Humbug,103,0,12,3,2-Mar,5,5,5,10,0,0,9,0
Control,Humbug,103,0,12,3,2-Mar,5,5,5,10,0,0,10,0
Control,Humbug,104,0,12,3,3-Mar,6,4,6,10,-20,20,1,1
Control,Humbug,104,0,12,3,3-Mar,6,4,6,10,-20,20,2,1
Control,Humbug,104,0,12,3,3-Mar,6,4,6,10,-20,20,3,1
Control,Humbug,104,0,12,3,3-Mar,6,4,6,10,-20,20,4,1
Control,Humbug,104,0,12,3,3-Mar,6,4,6,10,-20,20,5,0
Control,Humbug,104,0,12,3,3-Mar,6,4,6,10,-20,20,6,0
Control,Humbug,104,0,12,3,3-Mar,6,4,6,10,-20,20,7,0
Control,Humbug,104,0,12,3,3-Mar,6,4,6,10,-20,20,8,0
Control,Humbug,104,0,12,3,3-Mar,6,4,6,10,-20,20,9,0
Control,Humbug,104,0,12,3,3-Mar,6,4,6,10,-20,20,10,0
Control,Humbug,105,0,12,3,4-Mar,3,7,7,10,40,40,1,1
Control,Humbug,105,0,12,3,4-Mar,3,7,7,10,40,40,2,1
Control,Humbug,105,0,12,3,4-Mar,3,7,7,10,40,40,3,1
Control,Humbug,105,0,12,3,4-Mar,3,7,7,10,40,40,4,1
Control,Humbug,105,0,12,3,4-Mar,3,7,7,10,40,40,5,1
Control,Humbug,105,0,12,3,4-Mar,3,7,7,10,40,40,6,1
Control,Humbug,105,0,12,3,4-Mar,3,7,7,10,40,40,7,1
Control,Humbug,105,0,12,3,4-Mar,3,7,7,10,40,40,8,0
Control,Humbug,105,0,12,3,4-Mar,3,7,7,10,40,40,9,0
Control,Humbug,105,0,12,3,4-Mar,3,7,7,10,40,40,10,0
Control,Humbug,106,0,12,3,5-Mar,3,7,7,10,40,40,1,1
Control,Humbug,106,0,12,3,5-Mar,3,7,7,10,40,40,2,1
Control,Humbug,106,0,12,3,5-Mar,3,7,7,10,40,40,3,1
Control,Humbug,106,0,12,3,5-Mar,3,7,7,10,40,40,4,1
Control,Humbug,106,0,12,3,5-Mar,3,7,7,10,40,40,5,1
Control,Humbug,106,0,12,3,5-Mar,3,7,7,10,40,40,6,1
Control,Humbug,106,0,12,3,5-Mar,3,7,7,10,40,40,7,1
Control,Humbug,106,0,12,3,5-Mar,3,7,7,10,40,40,8,0
Control,Humbug,106,0,12,3,5-Mar,3,7,7,10,40,40,9,0
Control,Humbug,106,0,12,3,5-Mar,3,7,7,10,40,40,10,0
Control,Humbug,107,0,12,3,6-Mar,6,4,6,10,-20,20,1,1
Control,Humbug,107,0,12,3,6-Mar,6,4,6,10,-20,20,2,1
Control,Humbug,107,0,12,3,6-Mar,6,4,6,10,-20,20,3,1
Control,Humbug,107,0,12,3,6-Mar,6,4,6,10,-20,20,4,1
Control,Humbug,107,0,12,3,6-Mar,6,4,6,10,-20,20,5,0
Control,Humbug,107,0,12,3,6-Mar,6,4,6,10,-20,20,6,0
Control,Humbug,107,0,12,3,6-Mar,6,4,6,10,-20,20,7,0
Control,Humbug,107,0,12,3,6-Mar,6,4,6,10,-20,20,8,0
Control,Humbug,107,0,12,3,6-Mar,6,4,6,10,-20,20,9,0
Control,Humbug,107,0,12,3,6-Mar,6,4,6,10,-20,20,10,0
Control,Humbug,108,0,12,7,1-Jul,3,7,7,10,40,40,1,1
Control,Humbug,108,0,12,7,1-Jul,3,7,7,10,40,40,2,1
Control,Humbug,108,0,12,7,1-Jul,3,7,7,10,40,40,3,1
Control,Humbug,108,0,12,7,1-Jul,3,7,7,10,40,40,4,1
Control,Humbug,108,0,12,7,1-Jul,3,7,7,10,40,40,5,1
Control,Humbug,108,0,12,7,1-Jul,3,7,7,10,40,40,6,1
Control,Humbug,108,0,12,7,1-Jul,3,7,7,10,40,40,7,1
Control,Humbug,108,0,12,7,1-Jul,3,7,7,10,40,40,8,0
Control,Humbug,108,0,12,7,1-Jul,3,7,7,10,40,40,9,0
Control,Humbug,108,0,12,7,1-Jul,3,7,7,10,40,40,10,0
Control,Humbug,109,0,12,7,2-Jul,6,4,6,10,-20,20,1,1
Control,Humbug,109,0,12,7,2-Jul,6,4,6,10,-20,20,2,1
Control,Humbug,109,0,12,7,2-Jul,6,4,6,10,-20,20,3,1
Control,Humbug,109,0,12,7,2-Jul,6,4,6,10,-20,20,4,1
Control,Humbug,109,0,12,7,2-Jul,6,4,6,10,-20,20,5,0
Control,Humbug,109,0,12,7,2-Jul,6,4,6,10,-20,20,6,0
Control,Humbug,109,0,12,7,2-Jul,6,4,6,10,-20,20,7,0
Control,Humbug,109,0,12,7,2-Jul,6,4,6,10,-20,20,8,0
Control,Humbug,109,0,12,7,2-Jul,6,4,6,10,-20,20,9,0
Control,Humbug,109,0,12,7,2-Jul,6,4,6,10,-20,20,10,0
Control,Humbug,110,0,12,7,3-Jul,5,5,5,10,0,0,1,1
Control,Humbug,110,0,12,7,3-Jul,5,5,5,10,0,0,2,1
Control,Humbug,110,0,12,7,3-Jul,5,5,5,10,0,0,3,1
Control,Humbug,110,0,12,7,3-Jul,5,5,5,10,0,0,4,1
Control,Humbug,110,0,12,7,3-Jul,5,5,5,10,0,0,5,1
Control,Humbug,110,0,12,7,3-Jul,5,5,5,10,0,0,6,0
Control,Humbug,110,0,12,7,3-Jul,5,5,5,10,0,0,7,0
Control,Humbug,110,0,12,7,3-Jul,5,5,5,10,0,0,8,0
Control,Humbug,110,0,12,7,3-Jul,5,5,5,10,0,0,9,0
Control,Humbug,110,0,12,7,3-Jul,5,5,5,10,0,0,10,0
Control,Humbug,111,0,12,7,4-Jul,6,4,6,10,-20,20,1,1
Control,Humbug,111,0,12,7,4-Jul,6,4,6,10,-20,20,2,1
Control,Humbug,111,0,12,7,4-Jul,6,4,6,10,-20,20,3,1
Control,Humbug,111,0,12,7,4-Jul,6,4,6,10,-20,20,4,1
Control,Humbug,111,0,12,7,4-Jul,6,4,6,10,-20,20,5,0
Control,Humbug,111,0,12,7,4-Jul,6,4,6,10,-20,20,6,0
Control,Humbug,111,0,12,7,4-Jul,6,4,6,10,-20,20,7,0
Control,Humbug,111,0,12,7,4-Jul,6,4,6,10,-20,20,8,0
Control,Humbug,111,0,12,7,4-Jul,6,4,6,10,-20,20,9,0
Control,Humbug,111,0,12,7,4-Jul,6,4,6,10,-20,20,10,0
Control,Humbug,112,0,12,7,5-Jul,6,4,6,10,-20,20,1,1
Control,Humbug,112,0,12,7,5-Jul,6,4,6,10,-20,20,2,1
Control,Humbug,112,0,12,7,5-Jul,6,4,6,10,-20,20,3,1
Control,Humbug,112,0,12,7,5-Jul,6,4,6,10,-20,20,4,1
Control,Humbug,112,0,12,7,5-Jul,6,4,6,10,-20,20,5,0
Control,Humbug,112,0,12,7,5-Jul,6,4,6,10,-20,20,6,0
Control,Humbug,112,0,12,7,5-Jul,6,4,6,10,-20,20,7,0
Control,Humbug,112,0,12,7,5-Jul,6,4,6,10,-20,20,8,0
Control,Humbug,112,0,12,7,5-Jul,6,4,6,10,-20,20,9,0
Control,Humbug,112,0,12,7,5-Jul,6,4,6,10,-20,20,10,0
Control,Humbug,113,0,12,7,6-Jul,6,4,6,10,-20,20,1,1
Control,Humbug,113,0,12,7,6-Jul,6,4,6,10,-20,20,2,1
Control,Humbug,113,0,12,7,6-Jul,6,4,6,10,-20,20,3,1
Control,Humbug,113,0,12,7,6-Jul,6,4,6,10,-20,20,4,1
Control,Humbug,113,0,12,7,6-Jul,6,4,6,10,-20,20,5,0
Control,Humbug,113,0,12,7,6-Jul,6,4,6,10,-20,20,6,0
Control,Humbug,113,0,12,7,6-Jul,6,4,6,10,-20,20,7,0
Control,Humbug,113,0,12,7,6-Jul,6,4,6,10,-20,20,8,0
Control,Humbug,113,0,12,7,6-Jul,6,4,6,10,-20,20,9,0
Control,Humbug,113,0,12,7,6-Jul,6,4,6,10,-20,20,10,0
Control,Humbug,114,0,12,8,1-Aug,3,7,7,10,40,40,1,1
Control,Humbug,114,0,12,8,1-Aug,3,7,7,10,40,40,2,1
Control,Humbug,114,0,12,8,1-Aug,3,7,7,10,40,40,3,1
Control,Humbug,114,0,12,8,1-Aug,3,7,7,10,40,40,4,1
Control,Humbug,114,0,12,8,1-Aug,3,7,7,10,40,40,5,1
Control,Humbug,114,0,12,8,1-Aug,3,7,7,10,40,40,6,1
Control,Humbug,114,0,12,8,1-Aug,3,7,7,10,40,40,7,1
Control,Humbug,114,0,12,8,1-Aug,3,7,7,10,40,40,8,0
Control,Humbug,114,0,12,8,1-Aug,3,7,7,10,40,40,9,0
Control,Humbug,114,0,12,8,1-Aug,3,7,7,10,40,40,10,0
Control,Humbug,115,0,12,8,2-Aug,5,5,5,10,0,0,1,1
Control,Humbug,115,0,12,8,2-Aug,5,5,5,10,0,0,2,1
Control,Humbug,115,0,12,8,2-Aug,5,5,5,10,0,0,3,1
Control,Humbug,115,0,12,8,2-Aug,5,5,5,10,0,0,4,1
Control,Humbug,115,0,12,8,2-Aug,5,5,5,10,0,0,5,1
Control,Humbug,115,0,12,8,2-Aug,5,5,5,10,0,0,6,0
Control,Humbug,115,0,12,8,2-Aug,5,5,5,10,0,0,7,0
Control,Humbug,115,0,12,8,2-Aug,5,5,5,10,0,0,8,0
Control,Humbug,115,0,12,8,2-Aug,5,5,5,10,0,0,9,0
Control,Humbug,115,0,12,8,2-Aug,5,5,5,10,0,0,10,0
Control,Humbug,116,0,12,8,3-Aug,6,4,6,10,-20,20,1,1
Control,Humbug,116,0,12,8,3-Aug,6,4,6,10,-20,20,2,1
Control,Humbug,116,0,12,8,3-Aug,6,4,6,10,-20,20,3,1
Control,Humbug,116,0,12,8,3-Aug,6,4,6,10,-20,20,4,1
Control,Humbug,116,0,12,8,3-Aug,6,4,6,10,-20,20,5,0
Control,Humbug,116,0,12,8,3-Aug,6,4,6,10,-20,20,6,0
Control,Humbug,116,0,12,8,3-Aug,6,4,6,10,-20,20,7,0
Control,Humbug,116,0,12,8,3-Aug,6,4,6,10,-20,20,8,0
Control,Humbug,116,0,12,8,3-Aug,6,4,6,10,-20,20,9,0
Control,Humbug,116,0,12,8,3-Aug,6,4,6,10,-20,20,10,0
Control,Humbug,117,0,12,8,4-Aug,5,5,5,10,0,0,1,1
Control,Humbug,117,0,12,8,4-Aug,5,5,5,10,0,0,2,1
Control,Humbug,117,0,12,8,4-Aug,5,5,5,10,0,0,3,1
Control,Humbug,117,0,12,8,4-Aug,5,5,5,10,0,0,4,1
Control,Humbug,117,0,12,8,4-Aug,5,5,5,10,0,0,5,1
Control,Humbug,117,0,12,8,4-Aug,5,5,5,10,0,0,6,0
Control,Humbug,117,0,12,8,4-Aug,5,5,5,10,0,0,7,0
Control,Humbug,117,0,12,8,4-Aug,5,5,5,10,0,0,8,0
Control,Humbug,117,0,12,8,4-Aug,5,5,5,10,0,0,9,0
Control,Humbug,117,0,12,8,4-Aug,5,5,5,10,0,0,10,0
Control,Humbug,118,0,12,8,5-Aug,4,6,6,10,20,20,1,1
Control,Humbug,118,0,12,8,5-Aug,4,6,6,10,20,20,2,1
Control,Humbug,118,0,12,8,5-Aug,4,6,6,10,20,20,3,1
Control,Humbug,118,0,12,8,5-Aug,4,6,6,10,20,20,4,1
Control,Humbug,118,0,12,8,5-Aug,4,6,6,10,20,20,5,1
Control,Humbug,118,0,12,8,5-Aug,4,6,6,10,20,20,6,1
Control,Humbug,118,0,12,8,5-Aug,4,6,6,10,20,20,7,0
Control,Humbug,118,0,12,8,5-Aug,4,6,6,10,20,20,8,0
Control,Humbug,118,0,12,8,5-Aug,4,6,6,10,20,20,9,0
Control,Humbug,118,0,12,8,5-Aug,4,6,6,10,20,20,10,0
Control,Humbug,119,0,12,8,6-Aug,5,5,5,10,0,0,1,1
Control,Humbug,119,0,12,8,6-Aug,5,5,5,10,0,0,2,1
Control,Humbug,119,0,12,8,6-Aug,5,5,5,10,0,0,3,1
Control,Humbug,119,0,12,8,6-Aug,5,5,5,10,0,0,4,1
Control,Humbug,119,0,12,8,6-Aug,5,5,5,10,0,0,5,1
Control,Humbug,119,0,12,8,6-Aug,5,5,5,10,0,0,6,0
Control,Humbug,119,0,12,8,6-Aug,5,5,5,10,0,0,7,0
Control,Humbug,119,0,12,8,6-Aug,5,5,5,10,0,0,8,0
Control,Humbug,119,0,12,8,6-Aug,5,5,5,10,0,0,9,0
Control,Humbug,119,0,12,8,6-Aug,5,5,5,10,0,0,10,0
Control,Humbug,120,0,12,4,3-Apr,5,5,5,10,0,0,1,1
Control,Humbug,120,0,12,4,3-Apr,5,5,5,10,0,0,2,1
Control,Humbug,120,0,12,4,3-Apr,5,5,5,10,0,0,3,1
Control,Humbug,120,0,12,4,3-Apr,5,5,5,10,0,0,4,1
Control,Humbug,120,0,12,4,3-Apr,5,5,5,10,0,0,5,1
Control,Humbug,120,0,12,4,3-Apr,5,5,5,10,0,0,6,0
Control,Humbug,120,0,12,4,3-Apr,5,5,5,10,0,0,7,0
Control,Humbug,120,0,12,4,3-Apr,5,5,5,10,0,0,8,0
Control,Humbug,120,0,12,4,3-Apr,5,5,5,10,0,0,9,0
Control,Humbug,120,0,12,4,3-Apr,5,5,5,10,0,0,10,0
CO2,Humbug,121,12,12,1,1-Jan,6,4,6,10,-20,20,1,1
CO2,Humbug,121,12,12,1,1-Jan,6,4,6,10,-20,20,2,1
CO2,Humbug,121,12,12,1,1-Jan,6,4,6,10,-20,20,3,1
CO2,Humbug,121,12,12,1,1-Jan,6,4,6,10,-20,20,4,1
CO2,Humbug,121,12,12,1,1-Jan,6,4,6,10,-20,20,5,0
CO2,Humbug,121,12,12,1,1-Jan,6,4,6,10,-20,20,6,0
CO2,Humbug,121,12,12,1,1-Jan,6,4,6,10,-20,20,7,0
CO2,Humbug,121,12,12,1,1-Jan,6,4,6,10,-20,20,8,0
CO2,Humbug,121,12,12,1,1-Jan,6,4,6,10,-20,20,9,0
CO2,Humbug,121,12,12,1,1-Jan,6,4,6,10,-20,20,10,0
CO2,Humbug,122,12,12,1,2-Jan,4,6,6,10,20,20,1,1
CO2,Humbug,122,12,12,1,2-Jan,4,6,6,10,20,20,2,1
CO2,Humbug,122,12,12,1,2-Jan,4,6,6,10,20,20,3,1
CO2,Humbug,122,12,12,1,2-Jan,4,6,6,10,20,20,4,1
CO2,Humbug,122,12,12,1,2-Jan,4,6,6,10,20,20,5,1
CO2,Humbug,122,12,12,1,2-Jan,4,6,6,10,20,20,6,1
CO2,Humbug,122,12,12,1,2-Jan,4,6,6,10,20,20,7,0
CO2,Humbug,122,12,12,1,2-Jan,4,6,6,10,20,20,8,0
CO2,Humbug,122,12,12,1,2-Jan,4,6,6,10,20,20,9,0
CO2,Humbug,122,12,12,1,2-Jan,4,6,6,10,20,20,10,0
CO2,Humbug,123,12,12,1,3-Jan,6,4,6,10,-20,20,1,1
CO2,Humbug,123,12,12,1,3-Jan,6,4,6,10,-20,20,2,1
CO2,Humbug,123,12,12,1,3-Jan,6,4,6,10,-20,20,3,1
CO2,Humbug,123,12,12,1,3-Jan,6,4,6,10,-20,20,4,1
CO2,Humbug,123,12,12,1,3-Jan,6,4,6,10,-20,20,5,0
CO2,Humbug,123,12,12,1,3-Jan,6,4,6,10,-20,20,6,0
CO2,Humbug,123,12,12,1,3-Jan,6,4,6,10,-20,20,7,0
CO2,Humbug,123,12,12,1,3-Jan,6,4,6,10,-20,20,8,0
CO2,Humbug,123,12,12,1,3-Jan,6,4,6,10,-20,20,9,0
CO2,Humbug,123,12,12,1,3-Jan,6,4,6,10,-20,20,10,0
CO2,Humbug,124,12,12,1,4-Jan,4,6,6,10,20,20,1,1
CO2,Humbug,124,12,12,1,4-Jan,4,6,6,10,20,20,2,1
CO2,Humbug,124,12,12,1,4-Jan,4,6,6,10,20,20,3,1
CO2,Humbug,124,12,12,1,4-Jan,4,6,6,10,20,20,4,1
CO2,Humbug,124,12,12,1,4-Jan,4,6,6,10,20,20,5,1
CO2,Humbug,124,12,12,1,4-Jan,4,6,6,10,20,20,6,1
CO2,Humbug,124,12,12,1,4-Jan,4,6,6,10,20,20,7,0
CO2,Humbug,124,12,12,1,4-Jan,4,6,6,10,20,20,8,0
CO2,Humbug,124,12,12,1,4-Jan,4,6,6,10,20,20,9,0
CO2,Humbug,124,12,12,1,4-Jan,4,6,6,10,20,20,10,0
CO2,Humbug,125,12,12,1,5-Jan,6,4,6,10,-20,20,1,1
CO2,Humbug,125,12,12,1,5-Jan,6,4,6,10,-20,20,2,1
CO2,Humbug,125,12,12,1,5-Jan,6,4,6,10,-20,20,3,1
CO2,Humbug,125,12,12,1,5-Jan,6,4,6,10,-20,20,4,1
CO2,Humbug,125,12,12,1,5-Jan,6,4,6,10,-20,20,5,0
CO2,Humbug,125,12,12,1,5-Jan,6,4,6,10,-20,20,6,0
CO2,Humbug,125,12,12,1,5-Jan,6,4,6,10,-20,20,7,0
CO2,Humbug,125,12,12,1,5-Jan,6,4,6,10,-20,20,8,0
CO2,Humbug,125,12,12,1,5-Jan,6,4,6,10,-20,20,9,0
CO2,Humbug,125,12,12,1,5-Jan,6,4,6,10,-20,20,10,0
CO2,Humbug,126,12,12,1,6-Jan,7,3,7,10,-40,40,1,1
CO2,Humbug,126,12,12,1,6-Jan,7,3,7,10,-40,40,2,1
CO2,Humbug,126,12,12,1,6-Jan,7,3,7,10,-40,40,3,1
CO2,Humbug,126,12,12,1,6-Jan,7,3,7,10,-40,40,4,0
CO2,Humbug,126,12,12,1,6-Jan,7,3,7,10,-40,40,5,0
CO2,Humbug,126,12,12,1,6-Jan,7,3,7,10,-40,40,6,0
CO2,Humbug,126,12,12,1,6-Jan,7,3,7,10,-40,40,7,0
CO2,Humbug,126,12,12,1,6-Jan,7,3,7,10,-40,40,8,0
CO2,Humbug,126,12,12,1,6-Jan,7,3,7,10,-40,40,9,0
CO2,Humbug,126,12,12,1,6-Jan,7,3,7,10,-40,40,10,0
CO2,Humbug,127,12,12,2,1-Feb,6,4,6,10,-20,20,1,1
CO2,Humbug,127,12,12,2,1-Feb,6,4,6,10,-20,20,2,1
CO2,Humbug,127,12,12,2,1-Feb,6,4,6,10,-20,20,3,1
CO2,Humbug,127,12,12,2,1-Feb,6,4,6,10,-20,20,4,1
CO2,Humbug,127,12,12,2,1-Feb,6,4,6,10,-20,20,5,0
CO2,Humbug,127,12,12,2,1-Feb,6,4,6,10,-20,20,6,0
CO2,Humbug,127,12,12,2,1-Feb,6,4,6,10,-20,20,7,0
CO2,Humbug,127,12,12,2,1-Feb,6,4,6,10,-20,20,8,0
CO2,Humbug,127,12,12,2,1-Feb,6,4,6,10,-20,20,9,0
CO2,Humbug,127,12,12,2,1-Feb,6,4,6,10,-20,20,10,0
CO2,Humbug,128,12,12,2,2-Feb,4,6,6,10,20,20,1,1
CO2,Humbug,128,12,12,2,2-Feb,4,6,6,10,20,20,2,1
CO2,Humbug,128,12,12,2,2-Feb,4,6,6,10,20,20,3,1
CO2,Humbug,128,12,12,2,2-Feb,4,6,6,10,20,20,4,1
CO2,Humbug,128,12,12,2,2-Feb,4,6,6,10,20,20,5,1
CO2,Humbug,128,12,12,2,2-Feb,4,6,6,10,20,20,6,1
CO2,Humbug,128,12,12,2,2-Feb,4,6,6,10,20,20,7,0
CO2,Humbug,128,12,12,2,2-Feb,4,6,6,10,20,20,8,0
CO2,Humbug,128,12,12,2,2-Feb,4,6,6,10,20,20,9,0
CO2,Humbug,128,12,12,2,2-Feb,4,6,6,10,20,20,10,0
CO2,Humbug,129,12,12,2,3-Feb,4,6,6,10,20,20,1,1
CO2,Humbug,129,12,12,2,3-Feb,4,6,6,10,20,20,2,1
CO2,Humbug,129,12,12,2,3-Feb,4,6,6,10,20,20,3,1
CO2,Humbug,129,12,12,2,3-Feb,4,6,6,10,20,20,4,1
CO2,Humbug,129,12,12,2,3-Feb,4,6,6,10,20,20,5,1
CO2,Humbug,129,12,12,2,3-Feb,4,6,6,10,20,20,6,1
CO2,Humbug,129,12,12,2,3-Feb,4,6,6,10,20,20,7,0
CO2,Humbug,129,12,12,2,3-Feb,4,6,6,10,20,20,8,0
CO2,Humbug,129,12,12,2,3-Feb,4,6,6,10,20,20,9,0
CO2,Humbug,129,12,12,2,3-Feb,4,6,6,10,20,20,10,0
CO2,Humbug,130,12,12,2,4-Feb,5,5,5,10,0,0,1,1
CO2,Humbug,130,12,12,2,4-Feb,5,5,5,10,0,0,2,1
CO2,Humbug,130,12,12,2,4-Feb,5,5,5,10,0,0,3,1
CO2,Humbug,130,12,12,2,4-Feb,5,5,5,10,0,0,4,1
CO2,Humbug,130,12,12,2,4-Feb,5,5,5,10,0,0,5,1
CO2,Humbug,130,12,12,2,4-Feb,5,5,5,10,0,0,6,0
CO2,Humbug,130,12,12,2,4-Feb,5,5,5,10,0,0,7,0
CO2,Humbug,130,12,12,2,4-Feb,5,5,5,10,0,0,8,0
CO2,Humbug,130,12,12,2,4-Feb,5,5,5,10,0,0,9,0
CO2,Humbug,130,12,12,2,4-Feb,5,5,5,10,0,0,10,0
CO2,Humbug,131,14,14,5,1-May,5,5,5,10,0,0,1,1
CO2,Humbug,131,14,14,5,1-May,5,5,5,10,0,0,2,1
CO2,Humbug,131,14,14,5,1-May,5,5,5,10,0,0,3,1
CO2,Humbug,131,14,14,5,1-May,5,5,5,10,0,0,4,1
CO2,Humbug,131,14,14,5,1-May,5,5,5,10,0,0,5,1
CO2,Humbug,131,14,14,5,1-May,5,5,5,10,0,0,6,0
CO2,Humbug,131,14,14,5,1-May,5,5,5,10,0,0,7,0
CO2,Humbug,131,14,14,5,1-May,5,5,5,10,0,0,8,0
CO2,Humbug,131,14,14,5,1-May,5,5,5,10,0,0,9,0
CO2,Humbug,131,14,14,5,1-May,5,5,5,10,0,0,10,0
CO2,Humbug,132,14,14,5,2-May,4,6,6,10,20,20,1,1
CO2,Humbug,132,14,14,5,2-May,4,6,6,10,20,20,2,1
CO2,Humbug,132,14,14,5,2-May,4,6,6,10,20,20,3,1
CO2,Humbug,132,14,14,5,2-May,4,6,6,10,20,20,4,1
CO2,Humbug,132,14,14,5,2-May,4,6,6,10,20,20,5,1
CO2,Humbug,132,14,14,5,2-May,4,6,6,10,20,20,6,1
CO2,Humbug,132,14,14,5,2-May,4,6,6,10,20,20,7,0
CO2,Humbug,132,14,14,5,2-May,4,6,6,10,20,20,8,0
CO2,Humbug,132,14,14,5,2-May,4,6,6,10,20,20,9,0
CO2,Humbug,132,14,14,5,2-May,4,6,6,10,20,20,10,0
CO2,Humbug,133,14,14,5,3-May,5,5,5,10,0,0,1,1
CO2,Humbug,133,14,14,5,3-May,5,5,5,10,0,0,2,1
CO2,Humbug,133,14,14,5,3-May,5,5,5,10,0,0,3,1
CO2,Humbug,133,14,14,5,3-May,5,5,5,10,0,0,4,1
CO2,Humbug,133,14,14,5,3-May,5,5,5,10,0,0,5,1
CO2,Humbug,133,14,14,5,3-May,5,5,5,10,0,0,6,0
CO2,Humbug,133,14,14,5,3-May,5,5,5,10,0,0,7,0
CO2,Humbug,133,14,14,5,3-May,5,5,5,10,0,0,8,0
CO2,Humbug,133,14,14,5,3-May,5,5,5,10,0,0,9,0
CO2,Humbug,133,14,14,5,3-May,5,5,5,10,0,0,10,0
CO2,Humbug,134,14,14,5,4-May,3,7,7,10,40,40,1,1
CO2,Humbug,134,14,14,5,4-May,3,7,7,10,40,40,2,1
CO2,Humbug,134,14,14,5,4-May,3,7,7,10,40,40,3,1
CO2,Humbug,134,14,14,5,4-May,3,7,7,10,40,40,4,1
CO2,Humbug,134,14,14,5,4-May,3,7,7,10,40,40,5,1
CO2,Humbug,134,14,14,5,4-May,3,7,7,10,40,40,6,1
CO2,Humbug,134,14,14,5,4-May,3,7,7,10,40,40,7,1
CO2,Humbug,134,14,14,5,4-May,3,7,7,10,40,40,8,0
CO2,Humbug,134,14,14,5,4-May,3,7,7,10,40,40,9,0
CO2,Humbug,134,14,14,5,4-May,3,7,7,10,40,40,10,0
CO2,Humbug,135,14,14,5,5-May,4,6,6,10,20,20,1,1
CO2,Humbug,135,14,14,5,5-May,4,6,6,10,20,20,2,1
CO2,Humbug,135,14,14,5,5-May,4,6,6,10,20,20,3,1
CO2,Humbug,135,14,14,5,5-May,4,6,6,10,20,20,4,1
CO2,Humbug,135,14,14,5,5-May,4,6,6,10,20,20,5,1
CO2,Humbug,135,14,14,5,5-May,4,6,6,10,20,20,6,1
CO2,Humbug,135,14,14,5,5-May,4,6,6,10,20,20,7,0
CO2,Humbug,135,14,14,5,5-May,4,6,6,10,20,20,8,0
CO2,Humbug,135,14,14,5,5-May,4,6,6,10,20,20,9,0
CO2,Humbug,135,14,14,5,5-May,4,6,6,10,20,20,10,0
CO2,Humbug,136,14,14,6,1-Jun,5,5,5,10,0,0,1,1
CO2,Humbug,136,14,14,6,1-Jun,5,5,5,10,0,0,2,1
CO2,Humbug,136,14,14,6,1-Jun,5,5,5,10,0,0,3,1
CO2,Humbug,136,14,14,6,1-Jun,5,5,5,10,0,0,4,1
CO2,Humbug,136,14,14,6,1-Jun,5,5,5,10,0,0,5,1
CO2,Humbug,136,14,14,6,1-Jun,5,5,5,10,0,0,6,0
CO2,Humbug,136,14,14,6,1-Jun,5,5,5,10,0,0,7,0
CO2,Humbug,136,14,14,6,1-Jun,5,5,5,10,0,0,8,0
CO2,Humbug,136,14,14,6,1-Jun,5,5,5,10,0,0,9,0
CO2,Humbug,136,14,14,6,1-Jun,5,5,5,10,0,0,10,0
CO2,Humbug,137,14,14,6,2-Jun,7,3,7,10,-40,40,1,1
CO2,Humbug,137,14,14,6,2-Jun,7,3,7,10,-40,40,2,1
CO2,Humbug,137,14,14,6,2-Jun,7,3,7,10,-40,40,3,1
CO2,Humbug,137,14,14,6,2-Jun,7,3,7,10,-40,40,4,0
CO2,Humbug,137,14,14,6,2-Jun,7,3,7,10,-40,40,5,0
CO2,Humbug,137,14,14,6,2-Jun,7,3,7,10,-40,40,6,0
CO2,Humbug,137,14,14,6,2-Jun,7,3,7,10,-40,40,7,0
CO2,Humbug,137,14,14,6,2-Jun,7,3,7,10,-40,40,8,0
CO2,Humbug,137,14,14,6,2-Jun,7,3,7,10,-40,40,9,0
CO2,Humbug,137,14,14,6,2-Jun,7,3,7,10,-40,40,10,0
CO2,Humbug,138,14,14,6,3-Jun,4,6,6,10,20,20,1,1
CO2,Humbug,138,14,14,6,3-Jun,4,6,6,10,20,20,2,1
CO2,Humbug,138,14,14,6,3-Jun,4,6,6,10,20,20,3,1
CO2,Humbug,138,14,14,6,3-Jun,4,6,6,10,20,20,4,1
CO2,Humbug,138,14,14,6,3-Jun,4,6,6,10,20,20,5,1
CO2,Humbug,138,14,14,6,3-Jun,4,6,6,10,20,20,6,1
CO2,Humbug,138,14,14,6,3-Jun,4,6,6,10,20,20,7,0
CO2,Humbug,138,14,14,6,3-Jun,4,6,6,10,20,20,8,0
CO2,Humbug,138,14,14,6,3-Jun,4,6,6,10,20,20,9,0
CO2,Humbug,138,14,14,6,3-Jun,4,6,6,10,20,20,10,0
CO2,Humbug,139,14,14,6,4-Jun,7,3,7,10,-40,40,1,1
CO2,Humbug,139,14,14,6,4-Jun,7,3,7,10,-40,40,2,1
CO2,Humbug,139,14,14,6,4-Jun,7,3,7,10,-40,40,3,1
CO2,Humbug,139,14,14,6,4-Jun,7,3,7,10,-40,40,4,0
CO2,Humbug,139,14,14,6,4-Jun,7,3,7,10,-40,40,5,0
CO2,Humbug,139,14,14,6,4-Jun,7,3,7,10,-40,40,6,0
CO2,Humbug,139,14,14,6,4-Jun,7,3,7,10,-40,40,7,0
CO2,Humbug,139,14,14,6,4-Jun,7,3,7,10,-40,40,8,0
CO2,Humbug,139,14,14,6,4-Jun,7,3,7,10,-40,40,9,0
CO2,Humbug,139,14,14,6,4-Jun,7,3,7,10,-40,40,10,0
CO2,Humbug,140,14,14,6,5-Jun,5,5,5,10,0,0,1,1
CO2,Humbug,140,14,14,6,5-Jun,5,5,5,10,0,0,2,1
CO2,Humbug,140,14,14,6,5-Jun,5,5,5,10,0,0,3,1
CO2,Humbug,140,14,14,6,5-Jun,5,5,5,10,0,0,4,1
CO2,Humbug,140,14,14,6,5-Jun,5,5,5,10,0,0,5,1
CO2,Humbug,140,14,14,6,5-Jun,5,5,5,10,0,0,6,0
CO2,Humbug,140,14,14,6,5-Jun,5,5,5,10,0,0,7,0
CO2,Humbug,140,14,14,6,5-Jun,5,5,5,10,0,0,8,0
CO2,Humbug,140,14,14,6,5-Jun,5,5,5,10,0,0,9,0
CO2,Humbug,140,14,14,6,5-Jun,5,5,5,10,0,0,10,0
CO2,Humbug,141,14,14,6,6-Jun,5,5,5,10,0,0,1,1
CO2,Humbug,141,14,14,6,6-Jun,5,5,5,10,0,0,2,1
CO2,Humbug,141,14,14,6,6-Jun,5,5,5,10,0,0,3,1
CO2,Humbug,141,14,14,6,6-Jun,5,5,5,10,0,0,4,1
CO2,Humbug,141,14,14,6,6-Jun,5,5,5,10,0,0,5,1
CO2,Humbug,141,14,14,6,6-Jun,5,5,5,10,0,0,6,0
CO2,Humbug,141,14,14,6,6-Jun,5,5,5,10,0,0,7,0
CO2,Humbug,141,14,14,6,6-Jun,5,5,5,10,0,0,8,0
CO2,Humbug,141,14,14,6,6-Jun,5,5,5,10,0,0,9,0
CO2,Humbug,141,14,14,6,6-Jun,5,5,5,10,0,0,10,0
Control,Lemon,142,0,4,3,1-Mar,4,6,6,10,20,20,1,1
Control,Lemon,142,0,4,3,1-Mar,4,6,6,10,20,20,2,1
Control,Lemon,142,0,4,3,1-Mar,4,6,6,10,20,20,3,1
Control,Lemon,142,0,4,3,1-Mar,4,6,6,10,20,20,4,1
Control,Lemon,142,0,4,3,1-Mar,4,6,6,10,20,20,5,1
Control,Lemon,142,0,4,3,1-Mar,4,6,6,10,20,20,6,1
Control,Lemon,142,0,4,3,1-Mar,4,6,6,10,20,20,7,0
Control,Lemon,142,0,4,3,1-Mar,4,6,6,10,20,20,8,0
Control,Lemon,142,0,4,3,1-Mar,4,6,6,10,20,20,9,0
Control,Lemon,142,0,4,3,1-Mar,4,6,6,10,20,20,10,0
Control,Lemon,143,0,4,4,1-Apr,7,3,7,10,-40,40,1,1
Control,Lemon,143,0,4,4,1-Apr,7,3,7,10,-40,40,2,1
Control,Lemon,143,0,4,4,1-Apr,7,3,7,10,-40,40,3,1
Control,Lemon,143,0,4,4,1-Apr,7,3,7,10,-40,40,4,0
Control,Lemon,143,0,4,4,1-Apr,7,3,7,10,-40,40,5,0
Control,Lemon,143,0,4,4,1-Apr,7,3,7,10,-40,40,6,0
Control,Lemon,143,0,4,4,1-Apr,7,3,7,10,-40,40,7,0
Control,Lemon,143,0,4,4,1-Apr,7,3,7,10,-40,40,8,0
Control,Lemon,143,0,4,4,1-Apr,7,3,7,10,-40,40,9,0
Control,Lemon,143,0,4,4,1-Apr,7,3,7,10,-40,40,10,0
Control,Lemon,144,0,4,4,2-Apr,6,4,6,10,-20,20,1,1
Control,Lemon,144,0,4,4,2-Apr,6,4,6,10,-20,20,2,1
Control,Lemon,144,0,4,4,2-Apr,6,4,6,10,-20,20,3,1
Control,Lemon,144,0,4,4,2-Apr,6,4,6,10,-20,20,4,1
Control,Lemon,144,0,4,4,2-Apr,6,4,6,10,-20,20,5,0
Control,Lemon,144,0,4,4,2-Apr,6,4,6,10,-20,20,6,0
Control,Lemon,144,0,4,4,2-Apr,6,4,6,10,-20,20,7,0
Control,Lemon,144,0,4,4,2-Apr,6,4,6,10,-20,20,8,0
Control,Lemon,144,0,4,4,2-Apr,6,4,6,10,-20,20,9,0
Control,Lemon,144,0,4,4,2-Apr,6,4,6,10,-20,20,10,0
Control,Lemon,145,0,4,4,3-Apr,5,5,5,10,0,0,1,1
Control,Lemon,145,0,4,4,3-Apr,5,5,5,10,0,0,2,1
Control,Lemon,145,0,4,4,3-Apr,5,5,5,10,0,0,3,1
Control,Lemon,145,0,4,4,3-Apr,5,5,5,10,0,0,4,1
Control,Lemon,145,0,4,4,3-Apr,5,5,5,10,0,0,5,1
Control,Lemon,145,0,4,4,3-Apr,5,5,5,10,0,0,6,0
Control,Lemon,145,0,4,4,3-Apr,5,5,5,10,0,0,7,0
Control,Lemon,145,0,4,4,3-Apr,5,5,5,10,0,0,8,0
Control,Lemon,145,0,4,4,3-Apr,5,5,5,10,0,0,9,0
Control,Lemon,145,0,4,4,3-Apr,5,5,5,10,0,0,10,0
Control,Lemon,146,0,4,4,4-Apr,6,4,6,10,-20,20,1,1
Control,Lemon,146,0,4,4,4-Apr,6,4,6,10,-20,20,2,1
Control,Lemon,146,0,4,4,4-Apr,6,4,6,10,-20,20,3,1
Control,Lemon,146,0,4,4,4-Apr,6,4,6,10,-20,20,4,1
Control,Lemon,146,0,4,4,4-Apr,6,4,6,10,-20,20,5,0
Control,Lemon,146,0,4,4,4-Apr,6,4,6,10,-20,20,6,0
Control,Lemon,146,0,4,4,4-Apr,6,4,6,10,-20,20,7,0
Control,Lemon,146,0,4,4,4-Apr,6,4,6,10,-20,20,8,0
Control,Lemon,146,0,4,4,4-Apr,6,4,6,10,-20,20,9,0
Control,Lemon,146,0,4,4,4-Apr,6,4,6,10,-20,20,10,0
Control,Lemon,147,0,4,4,5-Apr,2,8,8,10,60,60,1,1
Control,Lemon,147,0,4,4,5-Apr,2,8,8,10,60,60,2,1
Control,Lemon,147,0,4,4,5-Apr,2,8,8,10,60,60,3,1
Control,Lemon,147,0,4,4,5-Apr,2,8,8,10,60,60,4,1
Control,Lemon,147,0,4,4,5-Apr,2,8,8,10,60,60,5,1
Control,Lemon,147,0,4,4,5-Apr,2,8,8,10,60,60,6,1
Control,Lemon,147,0,4,4,5-Apr,2,8,8,10,60,60,7,1
Control,Lemon,147,0,4,4,5-Apr,2,8,8,10,60,60,8,1
Control,Lemon,147,0,4,4,5-Apr,2,8,8,10,60,60,9,0
Control,Lemon,147,0,4,4,5-Apr,2,8,8,10,60,60,10,0
Control,Lemon,148,0,4,4,6-Apr,2,8,8,10,60,60,1,1
Control,Lemon,148,0,4,4,6-Apr,2,8,8,10,60,60,2,1
Control,Lemon,148,0,4,4,6-Apr,2,8,8,10,60,60,3,1
Control,Lemon,148,0,4,4,6-Apr,2,8,8,10,60,60,4,1
Control,Lemon,148,0,4,4,6-Apr,2,8,8,10,60,60,5,1
Control,Lemon,148,0,4,4,6-Apr,2,8,8,10,60,60,6,1
Control,Lemon,148,0,4,4,6-Apr,2,8,8,10,60,60,7,1
Control,Lemon,148,0,4,4,6-Apr,2,8,8,10,60,60,8,1
Control,Lemon,148,0,4,4,6-Apr,2,8,8,10,60,60,9,0
Control,Lemon,148,0,4,4,6-Apr,2,8,8,10,60,60,10,0
Control,Lemon,149,0,4,4,7-Apr,4,6,6,10,20,20,1,1
Control,Lemon,149,0,4,4,7-Apr,4,6,6,10,20,20,2,1
Control,Lemon,149,0,4,4,7-Apr,4,6,6,10,20,20,3,1
Control,Lemon,149,0,4,4,7-Apr,4,6,6,10,20,20,4,1
Control,Lemon,149,0,4,4,7-Apr,4,6,6,10,20,20,5,1
Control,Lemon,149,0,4,4,7-Apr,4,6,6,10,20,20,6,1
Control,Lemon,149,0,4,4,7-Apr,4,6,6,10,20,20,7,0
Control,Lemon,149,0,4,4,7-Apr,4,6,6,10,20,20,8,0
Control,Lemon,149,0,4,4,7-Apr,4,6,6,10,20,20,9,0
Control,Lemon,149,0,4,4,7-Apr,4,6,6,10,20,20,10,0
Control,Lemon,150,0,4,4,8-Apr,6,4,6,10,-20,20,1,1
Control,Lemon,150,0,4,4,8-Apr,6,4,6,10,-20,20,2,1
Control,Lemon,150,0,4,4,8-Apr,6,4,6,10,-20,20,3,1
Control,Lemon,150,0,4,4,8-Apr,6,4,6,10,-20,20,4,1
Control,Lemon,150,0,4,4,8-Apr,6,4,6,10,-20,20,5,0
Control,Lemon,150,0,4,4,8-Apr,6,4,6,10,-20,20,6,0
Control,Lemon,150,0,4,4,8-Apr,6,4,6,10,-20,20,7,0
Control,Lemon,150,0,4,4,8-Apr,6,4,6,10,-20,20,8,0
Control,Lemon,150,0,4,4,8-Apr,6,4,6,10,-20,20,9,0
Control,Lemon,150,0,4,4,8-Apr,6,4,6,10,-20,20,10,0
Control,Lemon,151,0,4,3,3-Mar,5,5,5,10,0,0,1,1
Control,Lemon,151,0,4,3,3-Mar,5,5,5,10,0,0,2,1
Control,Lemon,151,0,4,3,3-Mar,5,5,5,10,0,0,3,1
Control,Lemon,151,0,4,3,3-Mar,5,5,5,10,0,0,4,1
Control,Lemon,151,0,4,3,3-Mar,5,5,5,10,0,0,5,1
Control,Lemon,151,0,4,3,3-Mar,5,5,5,10,0,0,6,0
Control,Lemon,151,0,4,3,3-Mar,5,5,5,10,0,0,7,0
Control,Lemon,151,0,4,3,3-Mar,5,5,5,10,0,0,8,0
Control,Lemon,151,0,4,3,3-Mar,5,5,5,10,0,0,9,0
Control,Lemon,151,0,4,3,3-Mar,5,5,5,10,0,0,10,0
Control,Lemon,152,0,4,3,4-Mar,4,6,6,10,20,20,1,1
Control,Lemon,152,0,4,3,4-Mar,4,6,6,10,20,20,2,1
Control,Lemon,152,0,4,3,4-Mar,4,6,6,10,20,20,3,1
Control,Lemon,152,0,4,3,4-Mar,4,6,6,10,20,20,4,1
Control,Lemon,152,0,4,3,4-Mar,4,6,6,10,20,20,5,1
Control,Lemon,152,0,4,3,4-Mar,4,6,6,10,20,20,6,1
Control,Lemon,152,0,4,3,4-Mar,4,6,6,10,20,20,7,0
Control,Lemon,152,0,4,3,4-Mar,4,6,6,10,20,20,8,0
Control,Lemon,152,0,4,3,4-Mar,4,6,6,10,20,20,9,0
Control,Lemon,152,0,4,3,4-Mar,4,6,6,10,20,20,10,0
Control,Lemon,153,0,4,7,1-Jul,5,5,5,10,0,0,1,1
Control,Lemon,153,0,4,7,1-Jul,5,5,5,10,0,0,2,1
Control,Lemon,153,0,4,7,1-Jul,5,5,5,10,0,0,3,1
Control,Lemon,153,0,4,7,1-Jul,5,5,5,10,0,0,4,1
Control,Lemon,153,0,4,7,1-Jul,5,5,5,10,0,0,5,1
Control,Lemon,153,0,4,7,1-Jul,5,5,5,10,0,0,6,0
Control,Lemon,153,0,4,7,1-Jul,5,5,5,10,0,0,7,0
Control,Lemon,153,0,4,7,1-Jul,5,5,5,10,0,0,8,0
Control,Lemon,153,0,4,7,1-Jul,5,5,5,10,0,0,9,0
Control,Lemon,153,0,4,7,1-Jul,5,5,5,10,0,0,10,0
Control,Lemon,154,0,4,3,5-Mar,3,7,7,10,40,40,1,1
Control,Lemon,154,0,4,3,5-Mar,3,7,7,10,40,40,2,1
Control,Lemon,154,0,4,3,5-Mar,3,7,7,10,40,40,3,1
Control,Lemon,154,0,4,3,5-Mar,3,7,7,10,40,40,4,1
Control,Lemon,154,0,4,3,5-Mar,3,7,7,10,40,40,5,1
Control,Lemon,154,0,4,3,5-Mar,3,7,7,10,40,40,6,1
Control,Lemon,154,0,4,3,5-Mar,3,7,7,10,40,40,7,1
Control,Lemon,154,0,4,3,5-Mar,3,7,7,10,40,40,8,0
Control,Lemon,154,0,4,3,5-Mar,3,7,7,10,40,40,9,0
Control,Lemon,154,0,4,3,5-Mar,3,7,7,10,40,40,10,0
Control,Lemon,155,0,4,7,2-Jul,4,6,6,10,20,20,1,1
Control,Lemon,155,0,4,7,2-Jul,4,6,6,10,20,20,2,1
Control,Lemon,155,0,4,7,2-Jul,4,6,6,10,20,20,3,1
Control,Lemon,155,0,4,7,2-Jul,4,6,6,10,20,20,4,1
Control,Lemon,155,0,4,7,2-Jul,4,6,6,10,20,20,5,1
Control,Lemon,155,0,4,7,2-Jul,4,6,6,10,20,20,6,1
Control,Lemon,155,0,4,7,2-Jul,4,6,6,10,20,20,7,0
Control,Lemon,155,0,4,7,2-Jul,4,6,6,10,20,20,8,0
Control,Lemon,155,0,4,7,2-Jul,4,6,6,10,20,20,9,0
Control,Lemon,155,0,4,7,2-Jul,4,6,6,10,20,20,10,0
Control,Lemon,156,0,4,7,3-Jul,3,7,7,10,40,40,1,1
Control,Lemon,156,0,4,7,3-Jul,3,7,7,10,40,40,2,1
Control,Lemon,156,0,4,7,3-Jul,3,7,7,10,40,40,3,1
Control,Lemon,156,0,4,7,3-Jul,3,7,7,10,40,40,4,1
Control,Lemon,156,0,4,7,3-Jul,3,7,7,10,40,40,5,1
Control,Lemon,156,0,4,7,3-Jul,3,7,7,10,40,40,6,1
Control,Lemon,156,0,4,7,3-Jul,3,7,7,10,40,40,7,1
Control,Lemon,156,0,4,7,3-Jul,3,7,7,10,40,40,8,0
Control,Lemon,156,0,4,7,3-Jul,3,7,7,10,40,40,9,0
Control,Lemon,156,0,4,7,3-Jul,3,7,7,10,40,40,10,0
Control,Lemon,157,0,4,3,6-Mar,8,2,8,10,-60,60,1,1
Control,Lemon,157,0,4,3,6-Mar,8,2,8,10,-60,60,2,1
Control,Lemon,157,0,4,3,6-Mar,8,2,8,10,-60,60,3,0
Control,Lemon,157,0,4,3,6-Mar,8,2,8,10,-60,60,4,0
Control,Lemon,157,0,4,3,6-Mar,8,2,8,10,-60,60,5,0
Control,Lemon,157,0,4,3,6-Mar,8,2,8,10,-60,60,6,0
Control,Lemon,157,0,4,3,6-Mar,8,2,8,10,-60,60,7,0
Control,Lemon,157,0,4,3,6-Mar,8,2,8,10,-60,60,8,0
Control,Lemon,157,0,4,3,6-Mar,8,2,8,10,-60,60,9,0
Control,Lemon,157,0,4,3,6-Mar,8,2,8,10,-60,60,10,0
Control,Lemon,158,0,4,7,4-Jul,3,7,7,10,40,40,1,1
Control,Lemon,158,0,4,7,4-Jul,3,7,7,10,40,40,2,1
Control,Lemon,158,0,4,7,4-Jul,3,7,7,10,40,40,3,1
Control,Lemon,158,0,4,7,4-Jul,3,7,7,10,40,40,4,1
Control,Lemon,158,0,4,7,4-Jul,3,7,7,10,40,40,5,1
Control,Lemon,158,0,4,7,4-Jul,3,7,7,10,40,40,6,1
Control,Lemon,158,0,4,7,4-Jul,3,7,7,10,40,40,7,1
Control,Lemon,158,0,4,7,4-Jul,3,7,7,10,40,40,8,0
Control,Lemon,158,0,4,7,4-Jul,3,7,7,10,40,40,9,0
Control,Lemon,158,0,4,7,4-Jul,3,7,7,10,40,40,10,0
Control,Lemon,159,0,4,7,5-Jul,7,3,7,10,-40,40,1,1
Control,Lemon,159,0,4,7,5-Jul,7,3,7,10,-40,40,2,1
Control,Lemon,159,0,4,7,5-Jul,7,3,7,10,-40,40,3,1
Control,Lemon,159,0,4,7,5-Jul,7,3,7,10,-40,40,4,0
Control,Lemon,159,0,4,7,5-Jul,7,3,7,10,-40,40,5,0
Control,Lemon,159,0,4,7,5-Jul,7,3,7,10,-40,40,6,0
Control,Lemon,159,0,4,7,5-Jul,7,3,7,10,-40,40,7,0
Control,Lemon,159,0,4,7,5-Jul,7,3,7,10,-40,40,8,0
Control,Lemon,159,0,4,7,5-Jul,7,3,7,10,-40,40,9,0
Control,Lemon,159,0,4,7,5-Jul,7,3,7,10,-40,40,10,0
Control,Lemon,160,0,4,7,6-Jul,4,6,6,10,20,20,1,1
Control,Lemon,160,0,4,7,6-Jul,4,6,6,10,20,20,2,1
Control,Lemon,160,0,4,7,6-Jul,4,6,6,10,20,20,3,1
Control,Lemon,160,0,4,7,6-Jul,4,6,6,10,20,20,4,1
Control,Lemon,160,0,4,7,6-Jul,4,6,6,10,20,20,5,1
Control,Lemon,160,0,4,7,6-Jul,4,6,6,10,20,20,6,1
Control,Lemon,160,0,4,7,6-Jul,4,6,6,10,20,20,7,0
Control,Lemon,160,0,4,7,6-Jul,4,6,6,10,20,20,8,0
Control,Lemon,160,0,4,7,6-Jul,4,6,6,10,20,20,9,0
Control,Lemon,160,0,4,7,6-Jul,4,6,6,10,20,20,10,0
Control,Lemon,161,0,4,3,7-Mar,5,5,5,10,0,0,1,1
Control,Lemon,161,0,4,3,7-Mar,5,5,5,10,0,0,2,1
Control,Lemon,161,0,4,3,7-Mar,5,5,5,10,0,0,3,1
Control,Lemon,161,0,4,3,7-Mar,5,5,5,10,0,0,4,1
Control,Lemon,161,0,4,3,7-Mar,5,5,5,10,0,0,5,1
Control,Lemon,161,0,4,3,7-Mar,5,5,5,10,0,0,6,0
Control,Lemon,161,0,4,3,7-Mar,5,5,5,10,0,0,7,0
Control,Lemon,161,0,4,3,7-Mar,5,5,5,10,0,0,8,0
Control,Lemon,161,0,4,3,7-Mar,5,5,5,10,0,0,9,0
Control,Lemon,161,0,4,3,7-Mar,5,5,5,10,0,0,10,0
Control,Lemon,162,0,4,3,8-Mar,4,6,6,10,20,20,1,1
Control,Lemon,162,0,4,3,8-Mar,4,6,6,10,20,20,2,1
Control,Lemon,162,0,4,3,8-Mar,4,6,6,10,20,20,3,1
Control,Lemon,162,0,4,3,8-Mar,4,6,6,10,20,20,4,1
Control,Lemon,162,0,4,3,8-Mar,4,6,6,10,20,20,5,1
Control,Lemon,162,0,4,3,8-Mar,4,6,6,10,20,20,6,1
Control,Lemon,162,0,4,3,8-Mar,4,6,6,10,20,20,7,0
Control,Lemon,162,0,4,3,8-Mar,4,6,6,10,20,20,8,0
Control,Lemon,162,0,4,3,8-Mar,4,6,6,10,20,20,9,0
Control,Lemon,162,0,4,3,8-Mar,4,6,6,10,20,20,10,0
Control,Lemon,163,0,4,7,7-Jul,3,7,7,10,40,40,1,1
Control,Lemon,163,0,4,7,7-Jul,3,7,7,10,40,40,2,1
Control,Lemon,163,0,4,7,7-Jul,3,7,7,10,40,40,3,1
Control,Lemon,163,0,4,7,7-Jul,3,7,7,10,40,40,4,1
Control,Lemon,163,0,4,7,7-Jul,3,7,7,10,40,40,5,1
Control,Lemon,163,0,4,7,7-Jul,3,7,7,10,40,40,6,1
Control,Lemon,163,0,4,7,7-Jul,3,7,7,10,40,40,7,1
Control,Lemon,163,0,4,7,7-Jul,3,7,7,10,40,40,8,0
Control,Lemon,163,0,4,7,7-Jul,3,7,7,10,40,40,9,0
Control,Lemon,163,0,4,7,7-Jul,3,7,7,10,40,40,10,0
Control,Lemon,164,0,6,8,1-Aug,3,7,7,10,40,40,1,1
Control,Lemon,164,0,6,8,1-Aug,3,7,7,10,40,40,2,1
Control,Lemon,164,0,6,8,1-Aug,3,7,7,10,40,40,3,1
Control,Lemon,164,0,6,8,1-Aug,3,7,7,10,40,40,4,1
Control,Lemon,164,0,6,8,1-Aug,3,7,7,10,40,40,5,1
Control,Lemon,164,0,6,8,1-Aug,3,7,7,10,40,40,6,1
Control,Lemon,164,0,6,8,1-Aug,3,7,7,10,40,40,7,1
Control,Lemon,164,0,6,8,1-Aug,3,7,7,10,40,40,8,0
Control,Lemon,164,0,6,8,1-Aug,3,7,7,10,40,40,9,0
Control,Lemon,164,0,6,8,1-Aug,3,7,7,10,40,40,10,0
Control,Lemon,165,0,6,8,2-Aug,4,6,6,10,20,20,1,1
Control,Lemon,165,0,6,8,2-Aug,4,6,6,10,20,20,2,1
Control,Lemon,165,0,6,8,2-Aug,4,6,6,10,20,20,3,1
Control,Lemon,165,0,6,8,2-Aug,4,6,6,10,20,20,4,1
Control,Lemon,165,0,6,8,2-Aug,4,6,6,10,20,20,5,1
Control,Lemon,165,0,6,8,2-Aug,4,6,6,10,20,20,6,1
Control,Lemon,165,0,6,8,2-Aug,4,6,6,10,20,20,7,0
Control,Lemon,165,0,6,8,2-Aug,4,6,6,10,20,20,8,0
Control,Lemon,165,0,6,8,2-Aug,4,6,6,10,20,20,9,0
Control,Lemon,165,0,6,8,2-Aug,4,6,6,10,20,20,10,0
Control,Lemon,166,0,6,8,3-Aug,6,4,6,10,-20,20,1,1
Control,Lemon,166,0,6,8,3-Aug,6,4,6,10,-20,20,2,1
Control,Lemon,166,0,6,8,3-Aug,6,4,6,10,-20,20,3,1
Control,Lemon,166,0,6,8,3-Aug,6,4,6,10,-20,20,4,1
Control,Lemon,166,0,6,8,3-Aug,6,4,6,10,-20,20,5,0
Control,Lemon,166,0,6,8,3-Aug,6,4,6,10,-20,20,6,0
Control,Lemon,166,0,6,8,3-Aug,6,4,6,10,-20,20,7,0
Control,Lemon,166,0,6,8,3-Aug,6,4,6,10,-20,20,8,0
Control,Lemon,166,0,6,8,3-Aug,6,4,6,10,-20,20,9,0
Control,Lemon,166,0,6,8,3-Aug,6,4,6,10,-20,20,10,0
Control,Lemon,167,0,6,8,4-Aug,3,7,7,10,40,40,1,1
Control,Lemon,167,0,6,8,4-Aug,3,7,7,10,40,40,2,1
Control,Lemon,167,0,6,8,4-Aug,3,7,7,10,40,40,3,1
Control,Lemon,167,0,6,8,4-Aug,3,7,7,10,40,40,4,1
Control,Lemon,167,0,6,8,4-Aug,3,7,7,10,40,40,5,1
Control,Lemon,167,0,6,8,4-Aug,3,7,7,10,40,40,6,1
Control,Lemon,167,0,6,8,4-Aug,3,7,7,10,40,40,7,1
Control,Lemon,167,0,6,8,4-Aug,3,7,7,10,40,40,8,0
Control,Lemon,167,0,6,8,4-Aug,3,7,7,10,40,40,9,0
Control,Lemon,167,0,6,8,4-Aug,3,7,7,10,40,40,10,0
Control,Lemon,168,0,6,8,5-Aug,3,7,7,10,40,40,1,1
Control,Lemon,168,0,6,8,5-Aug,3,7,7,10,40,40,2,1
Control,Lemon,168,0,6,8,5-Aug,3,7,7,10,40,40,3,1
Control,Lemon,168,0,6,8,5-Aug,3,7,7,10,40,40,4,1
Control,Lemon,168,0,6,8,5-Aug,3,7,7,10,40,40,5,1
Control,Lemon,168,0,6,8,5-Aug,3,7,7,10,40,40,6,1
Control,Lemon,168,0,6,8,5-Aug,3,7,7,10,40,40,7,1
Control,Lemon,168,0,6,8,5-Aug,3,7,7,10,40,40,8,0
Control,Lemon,168,0,6,8,5-Aug,3,7,7,10,40,40,9,0
Control,Lemon,168,0,6,8,5-Aug,3,7,7,10,40,40,10,0
Control,Lemon,169,0,6,8,6-Aug,6,4,6,10,-20,20,1,1
Control,Lemon,169,0,6,8,6-Aug,6,4,6,10,-20,20,2,1
Control,Lemon,169,0,6,8,6-Aug,6,4,6,10,-20,20,3,1
Control,Lemon,169,0,6,8,6-Aug,6,4,6,10,-20,20,4,1
Control,Lemon,169,0,6,8,6-Aug,6,4,6,10,-20,20,5,0
Control,Lemon,169,0,6,8,6-Aug,6,4,6,10,-20,20,6,0
Control,Lemon,169,0,6,8,6-Aug,6,4,6,10,-20,20,7,0
Control,Lemon,169,0,6,8,6-Aug,6,4,6,10,-20,20,8,0
Control,Lemon,169,0,6,8,6-Aug,6,4,6,10,-20,20,9,0
Control,Lemon,169,0,6,8,6-Aug,6,4,6,10,-20,20,10,0
Control,Lemon,170,0,6,8,8-Aug,5,5,5,10,0,0,1,1
Control,Lemon,170,0,6,8,8-Aug,5,5,5,10,0,0,2,1
Control,Lemon,170,0,6,8,8-Aug,5,5,5,10,0,0,3,1
Control,Lemon,170,0,6,8,8-Aug,5,5,5,10,0,0,4,1
Control,Lemon,170,0,6,8,8-Aug,5,5,5,10,0,0,5,1
Control,Lemon,170,0,6,8,8-Aug,5,5,5,10,0,0,6,0
Control,Lemon,170,0,6,8,8-Aug,5,5,5,10,0,0,7,0
Control,Lemon,170,0,6,8,8-Aug,5,5,5,10,0,0,8,0
Control,Lemon,170,0,6,8,8-Aug,5,5,5,10,0,0,9,0
Control,Lemon,170,0,6,8,8-Aug,5,5,5,10,0,0,10,0
CO2,Lemon,171,5,5,1,1-Jan,7,3,7,10,-40,40,1,1
CO2,Lemon,171,5,5,1,1-Jan,7,3,7,10,-40,40,2,1
CO2,Lemon,171,5,5,1,1-Jan,7,3,7,10,-40,40,3,1
CO2,Lemon,171,5,5,1,1-Jan,7,3,7,10,-40,40,4,0
CO2,Lemon,171,5,5,1,1-Jan,7,3,7,10,-40,40,5,0
CO2,Lemon,171,5,5,1,1-Jan,7,3,7,10,-40,40,6,0
CO2,Lemon,171,5,5,1,1-Jan,7,3,7,10,-40,40,7,0
CO2,Lemon,171,5,5,1,1-Jan,7,3,7,10,-40,40,8,0
CO2,Lemon,171,5,5,1,1-Jan,7,3,7,10,-40,40,9,0
CO2,Lemon,171,5,5,1,1-Jan,7,3,7,10,-40,40,10,0
CO2,Lemon,172,5,5,1,2-Jan,3,7,7,10,40,40,1,1
CO2,Lemon,172,5,5,1,2-Jan,3,7,7,10,40,40,2,1
CO2,Lemon,172,5,5,1,2-Jan,3,7,7,10,40,40,3,1
CO2,Lemon,172,5,5,1,2-Jan,3,7,7,10,40,40,4,1
CO2,Lemon,172,5,5,1,2-Jan,3,7,7,10,40,40,5,1
CO2,Lemon,172,5,5,1,2-Jan,3,7,7,10,40,40,6,1
CO2,Lemon,172,5,5,1,2-Jan,3,7,7,10,40,40,7,1
CO2,Lemon,172,5,5,1,2-Jan,3,7,7,10,40,40,8,0
CO2,Lemon,172,5,5,1,2-Jan,3,7,7,10,40,40,9,0
CO2,Lemon,172,5,5,1,2-Jan,3,7,7,10,40,40,10,0
CO2,Lemon,173,5,5,1,3-Jan,4,6,6,10,20,20,1,1
CO2,Lemon,173,5,5,1,3-Jan,4,6,6,10,20,20,2,1
CO2,Lemon,173,5,5,1,3-Jan,4,6,6,10,20,20,3,1
CO2,Lemon,173,5,5,1,3-Jan,4,6,6,10,20,20,4,1
CO2,Lemon,173,5,5,1,3-Jan,4,6,6,10,20,20,5,1
CO2,Lemon,173,5,5,1,3-Jan,4,6,6,10,20,20,6,1
CO2,Lemon,173,5,5,1,3-Jan,4,6,6,10,20,20,7,0
CO2,Lemon,173,5,5,1,3-Jan,4,6,6,10,20,20,8,0
CO2,Lemon,173,5,5,1,3-Jan,4,6,6,10,20,20,9,0
CO2,Lemon,173,5,5,1,3-Jan,4,6,6,10,20,20,10,0
CO2,Lemon,174,5,5,1,4-Jan,8,2,8,10,-60,60,1,1
CO2,Lemon,174,5,5,1,4-Jan,8,2,8,10,-60,60,2,1
CO2,Lemon,174,5,5,1,4-Jan,8,2,8,10,-60,60,3,0
CO2,Lemon,174,5,5,1,4-Jan,8,2,8,10,-60,60,4,0
CO2,Lemon,174,5,5,1,4-Jan,8,2,8,10,-60,60,5,0
CO2,Lemon,174,5,5,1,4-Jan,8,2,8,10,-60,60,6,0
CO2,Lemon,174,5,5,1,4-Jan,8,2,8,10,-60,60,7,0
CO2,Lemon,174,5,5,1,4-Jan,8,2,8,10,-60,60,8,0
CO2,Lemon,174,5,5,1,4-Jan,8,2,8,10,-60,60,9,0
CO2,Lemon,174,5,5,1,4-Jan,8,2,8,10,-60,60,10,0
CO2,Lemon,175,5,5,1,5-Jan,2,8,8,10,60,60,1,1
CO2,Lemon,175,5,5,1,5-Jan,2,8,8,10,60,60,2,1
CO2,Lemon,175,5,5,1,5-Jan,2,8,8,10,60,60,3,1
CO2,Lemon,175,5,5,1,5-Jan,2,8,8,10,60,60,4,1
CO2,Lemon,175,5,5,1,5-Jan,2,8,8,10,60,60,5,1
CO2,Lemon,175,5,5,1,5-Jan,2,8,8,10,60,60,6,1
CO2,Lemon,175,5,5,1,5-Jan,2,8,8,10,60,60,7,1
CO2,Lemon,175,5,5,1,5-Jan,2,8,8,10,60,60,8,1
CO2,Lemon,175,5,5,1,5-Jan,2,8,8,10,60,60,9,0
CO2,Lemon,175,5,5,1,5-Jan,2,8,8,10,60,60,10,0
CO2,Lemon,176,5,5,2,2-Feb,4,6,6,10,20,20,1,1
CO2,Lemon,176,5,5,2,2-Feb,4,6,6,10,20,20,2,1
CO2,Lemon,176,5,5,2,2-Feb,4,6,6,10,20,20,3,1
CO2,Lemon,176,5,5,2,2-Feb,4,6,6,10,20,20,4,1
CO2,Lemon,176,5,5,2,2-Feb,4,6,6,10,20,20,5,1
CO2,Lemon,176,5,5,2,2-Feb,4,6,6,10,20,20,6,1
CO2,Lemon,176,5,5,2,2-Feb,4,6,6,10,20,20,7,0
CO2,Lemon,176,5,5,2,2-Feb,4,6,6,10,20,20,8,0
CO2,Lemon,176,5,5,2,2-Feb,4,6,6,10,20,20,9,0
CO2,Lemon,176,5,5,2,2-Feb,4,6,6,10,20,20,10,0
CO2,Lemon,177,5,5,2,4-Feb,4,6,6,10,20,20,1,1
CO2,Lemon,177,5,5,2,4-Feb,4,6,6,10,20,20,2,1
CO2,Lemon,177,5,5,2,4-Feb,4,6,6,10,20,20,3,1
CO2,Lemon,177,5,5,2,4-Feb,4,6,6,10,20,20,4,1
CO2,Lemon,177,5,5,2,4-Feb,4,6,6,10,20,20,5,1
CO2,Lemon,177,5,5,2,4-Feb,4,6,6,10,20,20,6,1
CO2,Lemon,177,5,5,2,4-Feb,4,6,6,10,20,20,7,0
CO2,Lemon,177,5,5,2,4-Feb,4,6,6,10,20,20,8,0
CO2,Lemon,177,5,5,2,4-Feb,4,6,6,10,20,20,9,0
CO2,Lemon,177,5,5,2,4-Feb,4,6,6,10,20,20,10,0
CO2,Lemon,178,5,5,2,5-Feb,6,4,6,10,-20,20,1,1
CO2,Lemon,178,5,5,2,5-Feb,6,4,6,10,-20,20,2,1
CO2,Lemon,178,5,5,2,5-Feb,6,4,6,10,-20,20,3,1
CO2,Lemon,178,5,5,2,5-Feb,6,4,6,10,-20,20,4,1
CO2,Lemon,178,5,5,2,5-Feb,6,4,6,10,-20,20,5,0
CO2,Lemon,178,5,5,2,5-Feb,6,4,6,10,-20,20,6,0
CO2,Lemon,178,5,5,2,5-Feb,6,4,6,10,-20,20,7,0
CO2,Lemon,178,5,5,2,5-Feb,6,4,6,10,-20,20,8,0
CO2,Lemon,178,5,5,2,5-Feb,6,4,6,10,-20,20,9,0
CO2,Lemon,178,5,5,2,5-Feb,6,4,6,10,-20,20,10,0
CO2,Lemon,179,5,5,2,7-Feb,6,4,6,10,-20,20,1,1
CO2,Lemon,179,5,5,2,7-Feb,6,4,6,10,-20,20,2,1
CO2,Lemon,179,5,5,2,7-Feb,6,4,6,10,-20,20,3,1
CO2,Lemon,179,5,5,2,7-Feb,6,4,6,10,-20,20,4,1
CO2,Lemon,179,5,5,2,7-Feb,6,4,6,10,-20,20,5,0
CO2,Lemon,179,5,5,2,7-Feb,6,4,6,10,-20,20,6,0
CO2,Lemon,179,5,5,2,7-Feb,6,4,6,10,-20,20,7,0
CO2,Lemon,179,5,5,2,7-Feb,6,4,6,10,-20,20,8,0
CO2,Lemon,179,5,5,2,7-Feb,6,4,6,10,-20,20,9,0
CO2,Lemon,179,5,5,2,7-Feb,6,4,6,10,-20,20,10,0
CO2,Lemon,180,5,5,5,1-May,5,5,5,10,0,0,1,1
CO2,Lemon,180,5,5,5,1-May,5,5,5,10,0,0,2,1
CO2,Lemon,180,5,5,5,1-May,5,5,5,10,0,0,3,1
CO2,Lemon,180,5,5,5,1-May,5,5,5,10,0,0,4,1
CO2,Lemon,180,5,5,5,1-May,5,5,5,10,0,0,5,1
CO2,Lemon,180,5,5,5,1-May,5,5,5,10,0,0,6,0
CO2,Lemon,180,5,5,5,1-May,5,5,5,10,0,0,7,0
CO2,Lemon,180,5,5,5,1-May,5,5,5,10,0,0,8,0
CO2,Lemon,180,5,5,5,1-May,5,5,5,10,0,0,9,0
CO2,Lemon,180,5,5,5,1-May,5,5,5,10,0,0,10,0
CO2,Lemon,181,5,5,5,2-May,5,5,5,10,0,0,1,1
CO2,Lemon,181,5,5,5,2-May,5,5,5,10,0,0,2,1
CO2,Lemon,181,5,5,5,2-May,5,5,5,10,0,0,3,1
CO2,Lemon,181,5,5,5,2-May,5,5,5,10,0,0,4,1
CO2,Lemon,181,5,5,5,2-May,5,5,5,10,0,0,5,1
CO2,Lemon,181,5,5,5,2-May,5,5,5,10,0,0,6,0
CO2,Lemon,181,5,5,5,2-May,5,5,5,10,0,0,7,0
CO2,Lemon,181,5,5,5,2-May,5,5,5,10,0,0,8,0
CO2,Lemon,181,5,5,5,2-May,5,5,5,10,0,0,9,0
CO2,Lemon,181,5,5,5,2-May,5,5,5,10,0,0,10,0
CO2,Lemon,182,5,5,5,4-May,3,7,7,10,40,40,1,1
CO2,Lemon,182,5,5,5,4-May,3,7,7,10,40,40,2,1
CO2,Lemon,182,5,5,5,4-May,3,7,7,10,40,40,3,1
CO2,Lemon,182,5,5,5,4-May,3,7,7,10,40,40,4,1
CO2,Lemon,182,5,5,5,4-May,3,7,7,10,40,40,5,1
CO2,Lemon,182,5,5,5,4-May,3,7,7,10,40,40,6,1
CO2,Lemon,182,5,5,5,4-May,3,7,7,10,40,40,7,1
CO2,Lemon,182,5,5,5,4-May,3,7,7,10,40,40,8,0
CO2,Lemon,182,5,5,5,4-May,3,7,7,10,40,40,9,0
CO2,Lemon,182,5,5,5,4-May,3,7,7,10,40,40,10,0
CO2,Lemon,183,5,5,5,5-May,5,5,5,10,0,0,1,1
CO2,Lemon,183,5,5,5,5-May,5,5,5,10,0,0,2,1
CO2,Lemon,183,5,5,5,5-May,5,5,5,10,0,0,3,1
CO2,Lemon,183,5,5,5,5-May,5,5,5,10,0,0,4,1
CO2,Lemon,183,5,5,5,5-May,5,5,5,10,0,0,5,1
CO2,Lemon,183,5,5,5,5-May,5,5,5,10,0,0,6,0
CO2,Lemon,183,5,5,5,5-May,5,5,5,10,0,0,7,0
CO2,Lemon,183,5,5,5,5-May,5,5,5,10,0,0,8,0
CO2,Lemon,183,5,5,5,5-May,5,5,5,10,0,0,9,0
CO2,Lemon,183,5,5,5,5-May,5,5,5,10,0,0,10,0
CO2,Lemon,184,5,5,5,6-May,4,6,6,10,20,20,1,1
CO2,Lemon,184,5,5,5,6-May,4,6,6,10,20,20,2,1
CO2,Lemon,184,5,5,5,6-May,4,6,6,10,20,20,3,1
CO2,Lemon,184,5,5,5,6-May,4,6,6,10,20,20,4,1
CO2,Lemon,184,5,5,5,6-May,4,6,6,10,20,20,5,1
CO2,Lemon,184,5,5,5,6-May,4,6,6,10,20,20,6,1
CO2,Lemon,184,5,5,5,6-May,4,6,6,10,20,20,7,0
CO2,Lemon,184,5,5,5,6-May,4,6,6,10,20,20,8,0
CO2,Lemon,184,5,5,5,6-May,4,6,6,10,20,20,9,0
CO2,Lemon,184,5,5,5,6-May,4,6,6,10,20,20,10,0
CO2,Lemon,185,5,5,5,7-May,3,7,7,10,40,40,1,1
CO2,Lemon,185,5,5,5,7-May,3,7,7,10,40,40,2,1
CO2,Lemon,185,5,5,5,7-May,3,7,7,10,40,40,3,1
CO2,Lemon,185,5,5,5,7-May,3,7,7,10,40,40,4,1
CO2,Lemon,185,5,5,5,7-May,3,7,7,10,40,40,5,1
CO2,Lemon,185,5,5,5,7-May,3,7,7,10,40,40,6,1
CO2,Lemon,185,5,5,5,7-May,3,7,7,10,40,40,7,1
CO2,Lemon,185,5,5,5,7-May,3,7,7,10,40,40,8,0
CO2,Lemon,185,5,5,5,7-May,3,7,7,10,40,40,9,0
CO2,Lemon,185,5,5,5,7-May,3,7,7,10,40,40,10,0
CO2,Lemon,186,5,5,5,8-May,4,6,6,10,20,20,1,1
CO2,Lemon,186,5,5,5,8-May,4,6,6,10,20,20,2,1
CO2,Lemon,186,5,5,5,8-May,4,6,6,10,20,20,3,1
CO2,Lemon,186,5,5,5,8-May,4,6,6,10,20,20,4,1
CO2,Lemon,186,5,5,5,8-May,4,6,6,10,20,20,5,1
CO2,Lemon,186,5,5,5,8-May,4,6,6,10,20,20,6,1
CO2,Lemon,186,5,5,5,8-May,4,6,6,10,20,20,7,0
CO2,Lemon,186,5,5,5,8-May,4,6,6,10,20,20,8,0
CO2,Lemon,186,5,5,5,8-May,4,6,6,10,20,20,9,0
CO2,Lemon,186,5,5,5,8-May,4,6,6,10,20,20,10,0
CO2,Lemon,187,6,6,6,1-Jun,6,4,6,10,-20,20,1,1
CO2,Lemon,187,6,6,6,1-Jun,6,4,6,10,-20,20,2,1
CO2,Lemon,187,6,6,6,1-Jun,6,4,6,10,-20,20,3,1
CO2,Lemon,187,6,6,6,1-Jun,6,4,6,10,-20,20,4,1
CO2,Lemon,187,6,6,6,1-Jun,6,4,6,10,-20,20,5,0
CO2,Lemon,187,6,6,6,1-Jun,6,4,6,10,-20,20,6,0
CO2,Lemon,187,6,6,6,1-Jun,6,4,6,10,-20,20,7,0
CO2,Lemon,187,6,6,6,1-Jun,6,4,6,10,-20,20,8,0
CO2,Lemon,187,6,6,6,1-Jun,6,4,6,10,-20,20,9,0
CO2,Lemon,187,6,6,6,1-Jun,6,4,6,10,-20,20,10,0
CO2,Lemon,188,6,6,6,2-Jun,5,5,5,10,0,0,1,1
CO2,Lemon,188,6,6,6,2-Jun,5,5,5,10,0,0,2,1
CO2,Lemon,188,6,6,6,2-Jun,5,5,5,10,0,0,3,1
CO2,Lemon,188,6,6,6,2-Jun,5,5,5,10,0,0,4,1
CO2,Lemon,188,6,6,6,2-Jun,5,5,5,10,0,0,5,1
CO2,Lemon,188,6,6,6,2-Jun,5,5,5,10,0,0,6,0
CO2,Lemon,188,6,6,6,2-Jun,5,5,5,10,0,0,7,0
CO2,Lemon,188,6,6,6,2-Jun,5,5,5,10,0,0,8,0
CO2,Lemon,188,6,6,6,2-Jun,5,5,5,10,0,0,9,0
CO2,Lemon,188,6,6,6,2-Jun,5,5,5,10,0,0,10,0
CO2,Lemon,189,6,6,6,3-Jun,5,5,5,10,0,0,1,1
CO2,Lemon,189,6,6,6,3-Jun,5,5,5,10,0,0,2,1
CO2,Lemon,189,6,6,6,3-Jun,5,5,5,10,0,0,3,1
CO2,Lemon,189,6,6,6,3-Jun,5,5,5,10,0,0,4,1
CO2,Lemon,189,6,6,6,3-Jun,5,5,5,10,0,0,5,1
CO2,Lemon,189,6,6,6,3-Jun,5,5,5,10,0,0,6,0
CO2,Lemon,189,6,6,6,3-Jun,5,5,5,10,0,0,7,0
CO2,Lemon,189,6,6,6,3-Jun,5,5,5,10,0,0,8,0
CO2,Lemon,189,6,6,6,3-Jun,5,5,5,10,0,0,9,0
CO2,Lemon,189,6,6,6,3-Jun,5,5,5,10,0,0,10,0
CO2,Lemon,190,6,6,6,4-Jun,7,3,7,10,-40,40,1,1
CO2,Lemon,190,6,6,6,4-Jun,7,3,7,10,-40,40,2,1
CO2,Lemon,190,6,6,6,4-Jun,7,3,7,10,-40,40,3,1
CO2,Lemon,190,6,6,6,4-Jun,7,3,7,10,-40,40,4,0
CO2,Lemon,190,6,6,6,4-Jun,7,3,7,10,-40,40,5,0
CO2,Lemon,190,6,6,6,4-Jun,7,3,7,10,-40,40,6,0
CO2,Lemon,190,6,6,6,4-Jun,7,3,7,10,-40,40,7,0
CO2,Lemon,190,6,6,6,4-Jun,7,3,7,10,-40,40,8,0
CO2,Lemon,190,6,6,6,4-Jun,7,3,7,10,-40,40,9,0
CO2,Lemon,190,6,6,6,4-Jun,7,3,7,10,-40,40,10,0
